ts,name,n_auto,n_manual,added,removed
2026-07-06T21:24:58,AIR125_S02_010,21,22,168,
2026-07-06T21:28:43,AIR125_S02_006,21,22,3,
2026-07-06T21:30:55,AIR125_S02_011,24,24,18,12
2026-07-06T21:31:50,AIR125_S02_011,24,25,0 18,12
2026-07-06T21:33:44,AIR125_S02_012,24,24,339 529,84 526
2026-07-06T21:34:18,AIR125_S02_013,23,24,228 255,242
2026-07-06T21:40:04,AIR125_S03_001,23,21,4 34 91 119 141 163 186 211 238 265 317 342 371 397 420 448 472 523,9 39 88 112 132 152 173 194 219 243 268 315 339 364 385 409 431 455 476 521
2026-07-06T21:42:32,AIR125_S01_007,20,20,586,582
2026-07-06T21:42:52,AIR125_S01_008,20,20,460,466
2026-07-06T21:48:36,AIR125_S01_012,21,21,211,209
2026-07-06T21:50:15,AIR125_S01_013,19,19,182,179
2026-07-06T22:08:39,AIR125_S03_001,23,23,,
2026-07-06T22:12:29,AIR125_S03_001,23,21,3 35 92 118 140 163 186 235 261 340 371 395 422 446 471,9 39 88 112 132 152 173 194 243 268 339 364 385 409 431 455 476
2026-07-06T22:53:42,AIR125_S03_001,23,21,3 35 92 118 140 163 186 220 235 261 340 371 395 422 446 471,9 39 88 112 132 152 173 194 219 243 268 339 364 385 409 431 455 476
2026-07-06T22:55:09,AIR125_S03_001,23,21,3 35 92 118 140 163 186 210 235 261 340 371 395 422 446 471,9 39 88 112 132 152 173 194 219 243 268 339 364 385 409 431 455 476
2026-07-06T22:57:35,AIR125_S03_002,23,22,1 22 47 177 202 233 258 280 305 330 357 385 412 435 460 485 510 537,7 28 50 172 192 214 240 261 287 312 333 354 378 401 425 450 473 493 518
2026-07-06T23:01:15,AIR125_S03_003,23,22,27 50 101 130 157 180 206 230 253 277 303 354 377 401 431 459 485 510 539,28 49 94 115 137 161 182 204 227 252 275 300 347 372 398 423 449 475 495 522
2026-07-06T23:05:03,AIR125_S03_004,23,21,54 84 114 187 216 294 318 343 370 398 428 456 482 510 537,51 74 98 119 189 220 290 316 340 364 382 405 427 452 474 498 522
2026-07-06T23:18:23,AIR125_S03_005,24,22,11 37 58 84 111 189 215 238 262 289 315 337 361 463 508 535,2 26 49 72 93 113 183 205 224 247 270 294 319 344 366 460 506 529
2026-07-06T23:24:42,AIR125_S04_001,23,23,493,496
2026-07-06T23:25:48,AIR125_S04_002,23,24,514 537,542
2026-07-06T23:27:05,AIR125_S04_002,23,24,495 514 537,492 542
2026-07-06T23:28:06,AIR125_S04_002,23,24,494 514 537,492 542
2026-07-06T23:29:29,AIR125_S04_002,23,24,493 514 537,492 542
2026-07-06T23:30:22,AIR125_S04_002,23,24,494 514 537,492 542
2026-07-06T23:31:02,AIR125_S04_003,22,23,7,
2026-07-06T23:31:10,AIR125_S04_003,22,23,4,
2026-07-06T23:34:47,AIR125_S04_004,24,24,121,127
2026-07-06T23:36:05,AIR125_S04_005,24,24,209,204
2026-07-06T23:40:00,AIR125_S04_005,24,24,209 262 375 400,204 266 371 406
2026-07-06T23:40:51,AIR125_S04_006,24,24,160,161
2026-07-06T23:41:24,AIR125_S04_006,24,24,160 262,161 264
2026-07-06T23:41:41,AIR125_S04_006,24,24,160 262 439,161 264 444
2026-07-06T23:41:48,AIR125_S04_006,24,24,160 262 440,161 264 444
2026-07-06T23:42:04,AIR125_S04_006,24,24,160 262 439,161 264 444
2026-07-06T23:48:16,AIR125_S04_007,23,23,197 229 260,207 227 264
2026-07-06T23:58:08,AIR125_S04_009,25,27,30 147 243 269 315 360 422 539 558,144 242 270 318 363 423 541
2026-07-07T00:02:02,AIR125_S04_010,24,25,72,
2026-07-07T00:04:30,AIR125_S04_010,24,25,8 72 146 215 238 264 336 358 383 406 457 482 505,16 149 216 241 265 339 362 384 407 459 481 507
2026-07-07T00:05:14,AIR175_S10_9,23,24,607,
2026-07-07T00:06:02,AIR175_S10_8,22,23,313,
2026-07-07T00:08:28,AIR175_S10_3,23,24,602,
2026-07-07T00:09:02,AIR175_S10_19,21,22,0,
2026-07-07T00:09:21,AIR175_S10_18,22,23,605,
2026-07-07T00:09:31,AIR175_S10_18,22,23,606,
2026-07-07T00:10:10,AIR175_S10_17,22,22,487,484
2026-07-07T00:10:29,AIR175_S10_16,20,21,601,
2026-07-07T00:11:37,AIR175_S10_12,23,24,0,
2026-07-07T00:12:09,AIR175_S10_11,22,24,2 606,
2026-07-07T00:12:38,AIR175_S10_1,22,23,602,
2026-07-07T00:13:33,AIR175_S09_9,22,22,313 507,315 510
2026-07-07T00:13:53,AIR175_S09_8,21,21,52,54
2026-07-07T00:14:25,AIR175_S09_8,21,21,52 413,54 415
2026-07-07T00:18:05,AIR175_S09_8,21,21,51 413,54 415
2026-07-07T00:18:46,AIR175_S09_7,21,22,20 160 214 240 267 464 492 545 603,22 163 217 244 270 466 495 547
2026-07-07T00:19:04,AIR175_S09_6,22,22,3,0
2026-07-07T00:21:16,AIR175_S09_5,18,18,41 101 127 155 181 205 234 474 535 561 587,43 104 130 157 183 206 236 476 539 562 590
2026-07-07T00:21:46,AIR175_S09_5,18,19,41 101 127 155 181 205 234 391 474 535 561 587,43 104 130 157 183 206 236 476 539 562 590
2026-07-07T00:23:23,AIR175_S09_5,18,20,41 101 127 155 181 205 234 334 391 474 535 561 587,43 104 130 157 183 206 236 476 539 562 590
2026-07-07T00:27:51,AIR175_S09_5,18,20,41 101 127 155 181 205 234 287 332 391 474 535 561 587,43 104 130 157 183 206 236 286 476 539 562 590
2026-07-07T00:28:22,AIR175_S09_5,18,20,41 101 127 155 181 205 234 288 332 391 474 535 561 587,43 104 130 157 183 206 236 286 476 539 562 590
2026-07-07T00:31:13,AIR175_S09_20,21,21,17 80 132 273 328 355 388 447 503 533 560,20 76 131 271 327 356 384 448 507 535 559
2026-07-07T00:32:39,AIR175_S09_2,21,23,32 62 112 163 195 220 248 374 488 519 547 602,63 113 164 196 222 249 372 486 518 546
2026-07-07T00:33:43,AIR175_S09_19,22,22,62 90 253 282 311 338 427,64 93 254 280 309 341 425
2026-07-07T00:35:30,AIR175_S09_18,21,21,101 219 246 275 300 325 351 383 474 533 560,99 222 248 271 299 327 354 382 478 537 559
2026-07-07T00:36:21,AIR175_S09_17,19,20,8 200 225 253 283 315 430,204 222 252 282 313 432
2026-07-07T00:37:38,AIR175_S09_17,19,20,8 200 225 253 283 315 430 565,204 222 252 282 313 432 569
2026-07-07T00:49:52,AIR175_S09_17,19,20,8 200 225 253 283 315 430 472 565,204 222 252 282 313 432 499 569
2026-07-07T00:50:29,AIR175_S09_16,21,21,419,424
2026-07-07T00:50:40,AIR175_S09_16,21,21,298 419,297 424
2026-07-07T00:51:56,AIR175_S09_15,21,21,9 37 66 94 119 146 240 270 357 388 416 447,8 33 63 90 117 140 245 267 352 386 413 443
2026-07-07T00:53:25,AIR175_S09_14,21,21,2 33 93 120 173 233 257 288 318 348 380 407 434 463 491 519,5 30 96 121 174 235 258 286 321 354 383 412 439 466 492 523
2026-07-07T00:55:39,AIR175_S09_13,21,20,108 166 234 320 351 435 463 496 522 550 580,107 167 217 236 316 352 439 464 497 521 552 581
2026-07-07T00:56:44,AIR175_S09_13,21,21,108 166 215 234 320 351 435 463 496 522 550 580,107 167 217 236 316 352 439 464 497 521 552 581
2026-07-07T00:57:16,AIR175_S09_13,21,21,108 166 222 234 320 351 435 463 496 522 550 580,107 167 217 236 316 352 439 464 497 521 552 581
2026-07-07T00:57:51,AIR175_S09_13,21,20,108 166 234 320 351 435 463 496 522 550 580,107 167 217 236 316 352 439 464 497 521 552 581
2026-07-07T00:59:10,AIR175_S09_12,21,22,14 76 102 133 162 188 249 276 303 331 360 413 439 529 555 581 606,16 74 100 135 163 191 246 278 304 329 363 414 437 531 557 583
2026-07-07T01:03:13,AIR175_S09_11,22,22,71 94 197 227 253 282 311 338 366 425 482 512 539 595,72 96 195 229 258 280 308 339 365 421 481 511 538 597
2026-07-07T01:05:11,AIR175_S09_10,22,22,12 36 97 122 149 175 234 290 319 405 432 464 490 515 544 570 596,14 34 99 120 145 172 235 292 324 406 436 458 488 518 547 571 594
2026-07-07T01:06:00,AIR175_S09_1,23,23,33 79 138 291 343 370 401 432 463 490 537 589,32 81 143 293 340 373 402 433 464 492 539 586
2026-07-07T01:07:22,AIR125_S04_011,32,32,4,3
2026-07-07T01:09:33,AIR125_S04_011,32,32,4 476,3 482
2026-07-07T01:09:42,AIR125_S04_011,32,32,4 475,3 482
2026-07-07T01:11:45,AIR125_S05_002,26,27,327 345,336
2026-07-07T01:13:51,AIR125_S04_024,28,28,103 372,105 371
2026-07-07T01:15:19,AIR125_S04_012,38,39,394,
2026-07-07T01:16:12,AIR125_S04_012,38,39,392,
2026-07-07T01:16:31,AIR125_S04_012,38,39,393,
2026-07-07T01:20:22,AIR125_S04_013,31,31,115 413 457 480 520 578,116 411 455 481 521 577
2026-07-07T01:24:35,AIR125_S04_015,28,28,92 129 145 165 269,94 128 146 166 271
2026-07-07T01:26:22,AIR125_S04_015,28,28,92 129 145 165 269 410,94 128 146 166 271 421
2026-07-07T01:27:11,AIR125_S04_015,28,28,92 129 145 165 269 409 434,94 128 146 166 271 421 436
2026-07-07T01:28:15,AIR125_S04_015,28,28,92 129 145 165 269 407 434,94 128 146 166 271 421 436
2026-07-07T01:28:52,AIR125_S04_015,28,28,92 129 145 165 269 407,94 128 146 166 271 421
2026-07-07T01:31:59,AIR125_S04_023,28,28,235,237
2026-07-07T01:32:15,AIR125_S04_023,28,28,,
2026-07-07T01:32:49,AIR125_S04_023,28,28,235,237
2026-07-07T01:39:31,AIR125_S04_022,27,27,45 67 93 163 228 250 293 315 499,43 68 90 162 227 251 291 313 497
2026-07-07T01:42:21,AIR125_S04_021,28,28,80 196 263 327 406 514,82 197 265 326 405 513
2026-07-07T01:45:34,AIR125_S04_021,28,28,40 80 168 196 221 263 327 406 514,42 82 167 197 216 265 326 405 513
2026-07-07T01:47:23,AIR125_S04_018,33,33,576,578
2026-07-07T01:52:31,AIR125_S04_016,29,28,,249
2026-07-07T10:09:08,AIR125_S05_003,26,27,141,
2026-07-07T10:12:17,AIR125_S05_005,26,26,438,428
2026-07-07T10:14:58,AIR125_S05_005,26,27,419 438,428
2026-07-07T10:16:39,AIR125_S05_008,24,24,388 516,389 515
2026-07-07T10:21:16,AIR125_S05_013,30,30,591,595
2026-07-07T10:25:48,AIR125_S05_014,29,29,41 61 334 362 404 550,44 62 333 363 406 552
2026-07-07T10:27:05,AIR125_S05_015,23,23,1,0
2026-07-07T10:33:42,AIR125_S06_004,37,46,1 15 34 63 78 94 107 122 137 153 173 190 209 223 250 263 277 285 303 311 321 330 342 354 361 369 377 386 397 409 423 436 452 466 492 504 518 531 546 563 592,5 16 30 68 84 102 121 142 152 167 183 200 219 253 268 281 310 328 347 367 381 398 413 431 451 468 495 517 527 540 558 597
2026-07-07T10:34:29,AIR125_S06_004,37,46,1 15 34 63 78 94 107 122 137 153 173 190 209 223 250 263 277 285 303 311 321 332 342 351 361 369 377 386 397 409 423 436 452 466 492 504 518 531 546 563 592,5 16 30 68 84 102 121 142 152 167 183 200 219 253 268 281 310 328 347 367 381 398 413 431 451 468 495 517 527 540 558 597
2026-07-07T10:35:06,AIR125_S06_004,37,46,1 15 34 63 78 94 107 122 137 153 173 190 209 223 250 263 277 285 303 311 321 331 342 351 361 369 377 386 397 409 423 436 452 466 492 504 518 531 546 563 592,5 16 30 68 84 102 121 142 152 167 183 200 219 253 268 281 310 328 347 367 381 398 413 431 451 468 495 517 527 540 558 597
2026-07-07T10:39:18,AIR125_S06_005,37,38,7 22 35 52 67 83 99 130 147 161 176 191 205 220 234 249 267 285 303 326 340 353 365 379 394 413 427 440 456 484 502 521 538 553 570 587,16 29 45 62 81 100 129 143 158 173 188 202 215 228 245 264 279 297 315 332 346 359 373 390 406 425 441 454 489 509 528 543 558 574 589
2026-07-07T10:48:04,AIR125_S06_006,40,39,2 18 32 47 65 83 98 114 133 148 165 180 197 211 224 240 256 274 292 309 324 339 356 371 405 423 440 457 473 489 502 513 526 537 552 566 580 594,3 22 36 52 66 79 93 105 119 132 147 160 174 191 209 227 243 258 268 285 302 322 336 350 366 377 406 424 439 455 470 484 500 517 536 550 568 582 598
2026-07-07T10:49:01,AIR125_S06_006,40,39,2 18 32 47 67 83 98 114 133 148 165 180 197 211 224 240 256 274 292 309 324 339 356 371 405 423 440 457 473 489 502 513 526 537 552 566 580 594,3 22 36 52 66 79 93 105 119 132 147 160 174 191 209 227 243 258 268 285 302 322 336 350 366 377 406 424 439 455 470 484 500 517 536 550 568 582 598
2026-07-07T10:49:13,AIR125_S06_006,40,39,2 18 32 47 83 98 114 133 148 165 180 197 211 224 240 256 274 292 309 324 339 356 371 405 423 440 457 473 489 502 513 526 537 552 566 580 594,3 22 36 52 79 93 105 119 132 147 160 174 191 209 227 243 258 268 285 302 322 336 350 366 377 406 424 439 455 470 484 500 517 536 550 568 582 598
2026-07-07T10:49:29,AIR125_S06_006,40,39,2 18 32 47 83 98 114 133 148 165 180 197 211 224 240 256 274 293 309 324 339 356 371 405 423 440 457 473 489 502 513 526 537 552 566 580 594,3 22 36 52 79 93 105 119 132 147 160 174 191 209 227 243 258 268 285 302 322 336 350 366 377 406 424 439 455 470 484 500 517 536 550 568 582 598
2026-07-07T10:51:31,AIR125_S06_006,40,39,2 18 32 47 83 98 114 133 148 165 180 197 211 224 240 256 274 293 309 324 339 356 371 405 423 440 457 473 488 502 513 527 537 553 566 580 594,3 22 36 52 79 93 105 119 132 147 160 174 191 209 227 243 258 268 285 302 322 336 350 366 377 406 424 439 455 470 484 500 517 536 550 568 582 598
2026-07-07T10:56:24,AIR125_S06_007,38,38,10 26 40 54 72 95 116 136 154 170 183 200 217 233 250 265 279 293 308 323 337 355 418 434 448 462 479 510 525 540 555 568 583 596,14 29 48 66 83 98 112 126 140 153 166 179 195 211 228 242 258 273 286 304 322 340 357 419 435 453 468 482 511 529 549 566 580 595
2026-07-07T11:00:27,AIR125_S06_008,38,40,43 57 72 88 106 123 137 151 164 191 206 221 236 250 263 277 291 311 329 342 357 375 390 404 417 433 448 463 495 524 538 551 564 582 598,45 60 73 87 102 115 129 146 162 196 212 226 240 257 273 290 304 318 333 346 360 378 397 414 429 444 461 493 527 542 558 570 584
2026-07-07T11:03:32,AIR125_S06_009,37,41,1 14 27 42 56 72 88 106 121 136 150 166 183 197 213 227 255 267 281 296 310 326 342 357 372 403 417 430 446 463 478 495 509 524 539 549 562 575 588,0 20 36 54 68 82 96 111 129 146 162 178 194 207 225 258 274 289 305 319 332 347 367 406 424 439 454 470 485 501 518 535 554 571 587
2026-07-07T11:06:09,AIR125_S06_010,38,40,16 31 56 67 82 95 108 121 136 152 169 185 202 218 232 260 273 290 306 324 342 358 372 386 400 415 430 446 463 477 492 508 523 537 563 577 594,15 29 60 77 97 114 129 144 157 171 184 198 214 231 265 281 297 314 333 350 365 382 397 410 424 440 460 481 497 512 526 541 560 580 597
2026-07-07T11:06:31,AIR125_S06_010,38,41,16 31 56 67 82 95 108 121 136 152 169 185 202 218 232 260 273 290 306 324 342 358 372 386 400 415 430 446 463 477 492 508 523 537 550 563 577 594,15 29 60 77 97 114 129 144 157 171 184 198 214 231 265 281 297 314 333 350 365 382 397 410 424 440 460 481 497 512 526 541 560 580 597
2026-07-07T12:16:09,AIR175_S06_1,15,15,35 74 119 400 431 595,34 76 121 406 432 597
2026-07-07T12:16:53,AIR175_S06_1,15,15,,
2026-07-07T12:17:33,AIR175_S06_1,15,15,73 119 161 369 399 430 594,76 121 162 370 406 432 597
2026-07-07T12:19:27,AIR175_S06_10,20,18,18 140 164 235 261 307 334 529 578,20 95 108 137 162 232 263 306 332 528 577
2026-07-07T12:19:48,AIR175_S06_10,20,19,18 89 140 164 235 261 307 334 529 578,20 95 108 137 162 232 263 306 332 528 577
2026-07-07T12:20:41,AIR175_S06_10,20,20,18 89 118 140 164 235 261 307 334 529 578,20 95 108 137 162 232 263 306 332 528 577
2026-07-07T12:23:42,AIR175_S06_10,20,20,18 89 116 140 164 235 261 307 334 529 578,20 95 108 137 162 232 263 306 332 528 577
2026-07-07T12:27:03,AIR175_S06_10,20,20,18 86 114 140 164 235 261 307 334 529 578,20 95 108 137 162 232 263 306 332 528 577
2026-07-07T12:28:14,AIR175_S06_10,20,21,18 86 114 140 164 235 261 307 334 529 578 606,20 95 108 137 162 232 263 306 332 528 577
2026-07-07T12:29:37,AIR175_S06_10,20,21,18 86 110 140 164 235 261 307 334 529 578 606,20 95 108 137 162 232 263 306 332 528 577
2026-07-07T12:30:22,AIR175_S06_11,21,22,605,
2026-07-07T12:32:06,AIR175_S06_11,21,23,88 134 152 181 212 236 257 290 332 441 458 605,90 136 185 216 234 259 292 334 439 459
2026-07-07T12:34:10,AIR175_S06_11,21,23,88 134 156 181 212 236 257 290 332 419 441 458 605,90 136 185 216 234 259 292 334 418 439 459
2026-07-07T12:38:18,AIR175_S06_12,13,14,0,
2026-07-07T12:38:51,AIR175_S06_12,13,14,0 32 150 569 596,31 146 570 594
2026-07-07T12:43:12,AIR175_S06_12,13,14,0 32 150 240 569 596,31 146 241 570 594
2026-07-07T12:44:21,AIR175_S06_13,24,25,5 219 606,8 217
2026-07-07T12:46:28,AIR175_S06_13,24,25,6 22 221 355 380 419 446 474 500 556 591 606,8 23 217 353 381 420 445 473 501 554 590
2026-07-07T12:49:26,AIR175_S06_14,20,20,127 173 191 217 306 334 364 389 455 581,126 172 194 218 304 336 365 388 452 579
2026-07-07T12:54:28,AIR175_S06_14,20,21,0 127 173 191 217 306 334 364 389 455 581,126 172 194 218 304 336 365 388 452 579
2026-07-07T13:01:29,AIR175_S06_14,20,23,0 127 173 191 231 245 306 334 364 389 455 581,126 172 194 304 336 365 388 452 579
2026-07-07T13:02:52,AIR175_S06_15,22,22,108 430 459 505 531,106 429 460 507 530
2026-07-07T13:05:46,AIR175_S06_15,22,23,44 108 137 159 203 216 259 282 430 459 505 531,42 106 136 156 201 257 281 429 460 507 530
2026-07-07T13:07:04,AIR175_S06_16,21,22,2 282 303 345 433 493 523 571 595,281 302 344 434 492 524 572 593
2026-07-07T13:08:25,AIR175_S06_16,21,22,1 62 95 157 191 213 282 303 345 392 433 493 523 571 595,64 96 152 189 211 281 302 344 391 434 492 524 572 593
2026-07-07T13:11:04,AIR175_S06_17,23,23,182 213 238 316 343 415 440 472 510 526 544,180 210 236 315 342 416 437 473 508 525 543
2026-07-07T13:15:10,AIR175_S06_17,23,24,72 182 213 238 316 343 415 440 472 510 526 544 586,180 210 236 315 342 416 437 473 508 525 543 589
2026-07-07T13:17:43,AIR175_S06_17,23,25,72 182 213 238 316 343 415 440 472 493 510 526 544 586,180 210 236 315 342 416 437 473 508 525 543 589
2026-07-07T13:57:43,AIR175_S06_18,20,21,10 101 124 139 159 227 254 315 345 379 420 461 547 580,11 103 126 141 226 255 316 346 381 423 463 548 581
2026-07-07T13:57:56,AIR175_S06_18,20,22,10 101 124 139 159 183 227 254 315 345 379 420 461 547 580,11 103 126 141 226 255 316 346 381 423 463 548 581
2026-07-07T13:59:54,AIR175_S06_18,20,21,10 101 124 139 159 227 254 315 345 379 420 461 547 580,11 103 126 141 226 255 316 346 381 423 463 548 581
2026-07-07T14:01:51,AIR175_S06_19,22,25,1 22 40 170 234 265 351 482 505 554 574 586 599,23 42 167 232 268 352 479 506 553 577
2026-07-07T14:03:38,AIR175_S06_2,17,17,15 88 158 234 414 446 483 549 583,18 89 159 238 412 447 484 548 582
2026-07-07T14:12:03,AIR175_S06_20,14,14,40 377 403 490 550 575 594,42 376 404 491 548 576 593
2026-07-07T14:18:14,AIR175_S06_21,17,17,23 117 145 185 218 280 329 361 392 488 535 598,24 116 147 186 219 281 332 362 393 490 536 599
2026-07-07T14:18:46,AIR175_S06_21,17,17,23 117 145 185 218 280 329 361 392 488 535 597,24 116 147 186 219 281 332 362 393 490 536 599
2026-07-07T14:19:41,AIR175_S06_22,11,12,352 427 471 502 574 603,351 428 469 503 573
2026-07-07T14:27:17,AIR175_S06_23,16,16,112 182 399,113 181 400
2026-07-07T14:28:42,AIR175_S06_9,20,20,45 78 188 281 318 347 374 398 426 452 481 514 545 595,46 80 186 280 313 343 373 399 429 453 478 510 544 593
2026-07-07T14:30:11,AIR175_S06_9,20,20,18 45 78 188 281 318 347 374 398 426 452 481 514 545 595,13 46 80 186 280 313 343 373 399 429 453 478 510 544 593
2026-07-07T14:30:24,AIR175_S06_9,20,20,19 45 78 188 281 318 347 374 398 426 452 481 514 545 595,13 46 80 186 280 313 343 373 399 429 453 478 510 544 593
2026-07-07T14:34:45,AIR175_S06_8,22,24,4 173 194 208 227 245 262 283 317,6 174 228 247 265 282 319
2026-07-07T14:41:02,AIR175_S06_8,22,24,4 173 194 208 227 245 262 283 317 395 431 460 489 517 550,6 174 228 247 265 282 319 402 434 463 490 522 553
2026-07-07T14:44:23,AIR175_S06_7,20,21,9 38 91 112 182 207 235 262 302 327 404 432 466 557,7 36 92 116 208 236 261 303 329 402 430 464 556
2026-07-07T14:45:34,AIR175_S06_6,17,18,21 58 152 187 219 249 347 378 479 504 527 563 592,24 60 153 188 220 251 348 377 481 530 564 591
2026-07-07T14:47:18,AIR175_S06_5,17,18,1 35 75 140 168 295 336 373 401 503,36 73 139 169 296 335 369 400 505
2026-07-07T14:48:11,AIR175_S06_50,14,15,603,
2026-07-07T14:49:43,AIR175_S06_50,14,15,181 223 300 337 407 439 604,180 224 301 335 406 441
2026-07-07T14:54:43,AIR175_S06_50,14,15,88 181 223 300 337 407 439 574 603,86 180 224 301 335 406 441 576
2026-07-07T14:55:54,AIR175_S06_24,18,18,6 47 82 118 151 182 214 247 279 514,7 46 81 114 150 181 213 246 278 512
2026-07-07T14:57:15,AIR175_S06_25,18,18,14 116 149 184 225 417 448 589,12 117 148 183 221 416 447 585
2026-07-07T14:59:26,AIR175_S06_27,18,18,50 152 291 424 495 566,49 153 290 422 493 564
2026-07-07T15:00:05,AIR175_S06_28,19,19,444 593,443 592
2026-07-07T15:01:08,AIR175_S06_28,19,19,16 118 251 444 594,15 117 252 443 592
2026-07-07T15:02:39,AIR175_S06_29,18,18,19 87 120 155 221 415 450 516 579,18 85 121 154 220 416 451 514 580
2026-07-07T15:04:48,AIR175_S06_3,19,18,12 45 71 104 144 213 247 278 309 342 376 517 593,13 42 72 105 129 148 212 248 279 311 344 378 518 596
2026-07-07T15:06:04,AIR175_S06_30,17,18,3 272 301 330 541 577,273 302 331 540 576
2026-07-07T15:07:27,AIR175_S06_4,16,17,144 178 213 238 273 348 379 408 441 474,143 180 218 274 347 380 406 440 478
2026-07-07T15:15:35,AIR175_S06_40,11,12,4 67 222,66 230
2026-07-07T15:15:58,AIR175_S06_40,11,12,4 67 223,66 230
2026-07-07T15:17:54,AIR175_S06_40,11,12,4 67 224,66 230
2026-07-07T15:21:42,AIR175_S06_41,19,19,59 117 280 346 508 538 566,58 116 281 344 507 539 568
2026-07-07T15:22:42,AIR175_S06_42,19,19,18 157 344 375 598,19 158 346 374 597
2026-07-07T15:23:02,AIR175_S06_43,15,15,257 286,258 288
2026-07-07T15:24:51,AIR175_S06_43,15,15,257 286 588,258 288 590
2026-07-07T15:25:35,AIR175_S06_43,15,15,257 286 473 513,258 288 472 512
2026-07-07T15:27:12,AIR175_S06_43,15,15,257 287 473 513,258 288 472 512
2026-07-07T15:30:26,AIR175_S06_44,18,18,16 58 158 225 258 361 424,15 56 156 226 259 359 425
2026-07-07T15:31:36,AIR175_S06_45,19,20,165 193 264 297 358 419 475 569 602,164 194 263 298 359 418 474 570
2026-07-07T15:35:24,AIR175_S06_46,19,19,25 58 90 126 159 192 220 251 283 313 344 376 406 436 464 495 525 555 587,8 39 71 105 137 167 197 229 258 293 321 352 385 414 448 480 510 543 575
2026-07-07T15:37:13,AIR175_S06_47,18,19,8 40 137 322 383 449 479 511 576,39 139 321 384 448 480 512 575
2026-07-07T15:39:59,AIR175_S06_49,15,15,576,579
2026-07-07T15:43:24,AIR175_S06_48,11,11,121 460 514,124 459 516
2026-07-07T15:44:49,AIR175_S06_31,17,17,101 173 215 243 276 312 379 563 594,102 174 216 244 277 311 377 564 593
2026-07-07T15:47:06,AIR175_S06_31,17,17,7 101 173 215 243 276 312 379 563 594,5 102 174 216 244 277 311 377 564 593
2026-07-07T15:49:47,AIR175_S06_31,17,18,6 33 101 173 215 243 276 312 379 563 594,5 102 174 216 244 277 311 377 564 593
2026-07-07T15:51:04,AIR175_S06_32,19,20,452 484 604,453 483
2026-07-07T15:52:02,AIR175_S06_33,19,19,57 88 182 367 400 493,56 87 181 368 399 491
2026-07-07T15:53:30,AIR175_S06_34,19,19,12 107 172 206 271 375 411 567,11 106 173 205 272 376 410 568
2026-07-07T15:54:04,AIR175_S06_35,17,17,363 430,365 428
2026-07-07T15:58:36,AIR175_S06_36,16,16,96 157 192 227 301 372 438 500 532 561 591,95 156 193 230 300 371 437 499 530 562 592
2026-07-07T16:00:37,AIR175_S06_37,18,19,11 71 204 241 276 434 469 501 540 574 606,12 72 203 240 275 436 468 500 539 573
2026-07-07T16:02:07,AIR175_S06_38,19,20,26 85 115 145 174 362 546 607,27 84 114 144 173 361 547
2026-07-07T16:04:48,AIR175_S06_39,18,19,1 31 62 183 213 278 334 364 395 428 462 499 542 576,30 61 181 211 277 332 362 393 427 460 497 543 577
2026-07-07T16:15:37,AIR175_S01_1,18,18,35 99 163 227 261 329 360 531 561,34 100 164 228 260 331 362 533 562
2026-07-07T16:23:39,AIR175_S01_1,18,18,35 99 133 163 227 329 360 531 561,34 100 134 164 228 331 362 533 562
2026-07-07T16:28:58,AIR175_S01_10,20,21,316 351 375 395 416 444 470 495 517 543 569 611,320 352 379 397 417 441 469 492 519 544 571
2026-07-07T16:29:56,AIR175_S01_10,20,21,316 351 375 395 444 470 495 517 543 569 611,320 352 379 397 441 469 492 519 544 571
2026-07-07T16:30:05,AIR175_S01_10,20,21,316 375 395 444 470 495 517 543 569 611,320 379 397 441 469 492 519 544 571
2026-07-07T16:30:12,AIR175_S01_10,20,21,278 316 375 395 444 470 495 517 543 569 611,276 320 379 397 441 469 492 519 544 571
2026-07-07T16:30:32,AIR175_S01_10,20,21,231 278 316 375 395 444 470 495 517 543 569 611,233 276 320 379 397 441 469 492 519 544 571
2026-07-07T16:30:45,AIR175_S01_10,20,21,202 231 278 316 375 395 444 470 495 517 543 569 611,200 233 276 320 379 397 441 469 492 519 544 571
2026-07-07T16:31:03,AIR175_S01_10,20,21,113 202 231 278 316 375 395 444 470 495 517 543 569 611,114 200 233 276 320 379 397 441 469 492 519 544 571
2026-07-07T16:31:14,AIR175_S01_10,20,21,113 144 202 231 278 316 375 395 444 470 495 517 543 569 611,114 145 200 233 276 320 379 397 441 469 492 519 544 571
2026-07-07T16:35:10,AIR175_S01_10,20,21,15 113 144 202 231 278 316 375 395 444 470 495 517 543 569 611,87 114 145 200 233 276 320 379 397 441 469 492 519 544 571
2026-07-07T16:50:43,AIR175_S01_10,20,20,113 144 202 231 278 316 375 395 444 470 495 517 543 569 611,87 114 145 200 233 276 320 379 397 441 469 492 519 544 571
2026-07-07T16:52:35,AIR175_S01_11,20,20,170,168
2026-07-07T16:54:07,AIR175_S01_12,19,20,607,
2026-07-07T16:58:39,AIR175_S01_13,18,19,261 381 412 443 605,258 382 410 442
2026-07-07T16:59:26,AIR175_S01_14,18,19,610,
2026-07-07T17:02:08,AIR175_S01_17,18,19,604,
2026-07-07T17:09:06,AIR175_S01_18,17,17,313 348,314 349
2026-07-07T17:32:49,AIR175_S01_20,18,19,610,
2026-07-07T19:01:25,AIR175_S01_5,27,27,8 28 51 77 105 130 154 175 203 233 262 289 316 335 355 373 395 414 432 455 476 493 508 530 547 566 589,12 33 54 80 112 133 155 178 208 240 267 294 318 341 361 385 401 420 436 458 481 499 516 531 549 570 591
2026-07-07T19:21:14,AIR175_S01_6,21,22,326 401 428 481 522 544 606,332 403 434 485 525 546
2026-07-07T19:37:26,AIR175_S01_7,23,24,341,
2026-07-07T19:50:47,AIR175_S01_7,23,24,184 200 224 249 267 288 341 390 426 451 476 499,191 209 228 255 271 293 395 429 454 478 502
2026-07-07T20:13:41,AIR175_S01_8,25,25,58 85 116 268 307 326 343 364 404 429 452 477 496 581,62 87 122 161 271 329 347 365 407 434 454 478 500 584
2026-07-07T20:39:54,AIR175_S01_9,15,17,85 115 236 267 296 329 516 552 579,84 237 272 297 333 526 555
2026-07-07T20:45:29,AIR175_S02_1,24,24,62 89 113 162 186 209,64 90 116 166 189 213
2026-07-07T20:45:32,AIR175_S02_1,24,24,,
2026-07-07T20:54:15,AIR175_S02_1,24,24,14 62 88 110 135 161 185 211 235 258 282 307 333 359 384 411 460 485 511 538 566 594,15 64 90 116 138 166 189 213 238 265 290 315 339 366 389 412 464 490 517 540 568 595
2026-07-07T20:58:47,AIR175_S02_10,26,28,4 18 32 49 119 143 187 233 305 350 376 423 444 488 513 536 559 594,34 53 121 144 194 231 302 352 374 421 443 486 511 532 558 596
2026-07-07T20:59:54,AIR175_S02_10,26,28,4 18 32 49 119 143 187 233 305 350 376 423 444 488 513 536 557 571 594,34 53 121 144 194 231 302 352 374 421 443 486 511 532 558 573 596
2026-07-07T21:17:58,AIR175_S02_10,26,28,4 18 32 49 119 143 187 233 305 350 376 401 423 444 488 513 536 556 571 594,34 53 121 144 194 231 302 352 374 399 421 443 486 511 532 558 573 596
2026-07-07T21:18:45,AIR175_S02_11,24,24,49 75 101 126 174 223 249,46 72 100 124 173 222 248
2026-07-07T21:26:21,AIR175_S02_11,24,24,49 75 101 126 174 223 249 302 328 355 378 403 427 450 476 500 548 574,46 72 100 124 173 222 248 300 326 351 375 400 423 449 473 499 551 573
2026-07-07T21:32:39,AIR175_S02_11,24,24,49 75 101 126 174 223 249 302 328 355 378 403 427 450 476 500 548 574 605,46 72 100 124 173 222 248 300 326 351 375 400 423 449 473 499 551 573 595
2026-07-07T21:33:16,AIR175_S02_11,24,24,49 75 101 126 174 223 249 302 328 355 378 403 427 450 476 500 548 574 603,46 72 100 124 173 222 248 300 326 351 375 400 423 449 473 499 551 573 595
2026-07-07T21:34:18,AIR175_S02_12,22,22,3 33 133 160 182 208 239 323 351 505 530 556,6 39 141 161 186 212 240 326 355 508 532 559
2026-07-07T21:39:57,AIR175_S02_12,22,20,3 133 160 182 208 239 323 351 505 530 556 605,6 39 67 87 141 161 186 212 240 326 355 508 532 559
2026-07-07T21:42:26,AIR175_S02_13,24,25,1 24 52 101 126 150 176 201 226 252 279 305 330 357 382 409 434 457 482 507 531 555 580 606,0 28 55 104 127 151 178 204 227 254 282 307 332 358 386 412 439 460 485 510 535 553 584
2026-07-07T21:44:36,AIR175_S02_14,25,26,3 21 45 66 85 108 134 159 184 210 234 258 284 306 333 356 381 409 432 456 480 508 532 581 605,0 29 51 67 90 112 137 165 188 214 239 263 287 312 337 361 387 413 439 459 484 511 538 584
2026-07-07T21:54:37,AIR175_S02_1,24,25,3 26 51 78 103 126 152 175 200 222 248 272 296 323 350 373 400 426 451 476 502 526 555 580 605,15 38 64 90 116 138 166 189 213 238 265 290 315 339 366 389 412 438 464 490 517 540 568 595
2026-07-07T21:57:39,AIR175_S02_10,26,28,3 15 30 47 65 89 114 139 167 183 206 229 250 274 299 324 345 370 396 417 440 461 483 506 529 554 568 589,34 53 69 93 121 144 172 194 210 231 255 278 302 328 352 374 399 421 443 465 486 511 532 558 573 596
2026-07-07T21:59:45,AIR175_S02_11,24,24,16 41 68 95 120 146 170 196 219 245 271 297 325 373 399 422 448 471 495 520 545 570 598,21 46 72 100 124 149 173 200 222 248 275 300 326 375 400 423 449 473 499 524 551 573 595
2026-07-07T22:00:56,AIR175_S02_12,22,20,3 133 160 183 208 238 295 322 348 373 399 427 452 478 505 530 556 581 605,6 39 67 87 141 161 186 212 240 297 326 355 375 401 429 456 483 508 532 559 586
2026-07-07T22:01:55,AIR175_S02_14,25,26,3 21 45 66 85 108 134 159 184 210 234 258 284 308 332 357 382 409 433 456 480 508 532 556 581 604,0 29 51 67 90 112 137 165 188 214 239 263 287 312 337 361 387 413 439 459 484 511 538 561 584
2026-07-07T22:02:03,AIR175_S02_14,25,26,3 21 45 66 85 108 134 159 184 210 234 258 284 308 332 357 382 409 433 456 480 508 532 556 581 605,0 29 51 67 90 112 137 165 188 214 239 263 287 312 337 361 387 413 439 459 484 511 538 561 584
2026-07-07T22:05:02,AIR175_S02_15,24,24,23 49 71 97 122 145 170 193 218 243 269 296 320 343 367 393 418 442 468 490 513 539 562 587,26 52 75 101 127 149 177 197 221 242 273 298 325 349 373 396 421 445 470 493 519 544 566 591
2026-07-07T22:07:58,AIR175_S02_16,24,25,5 29 53 78 102 130 155 181 205 230 253 278 305 332 358 382 408 433 458 483 509 534 559 583 605,2 30 55 79 106 134 159 184 210 234 258 283 308 338 361 385 411 437 463 489 512 538 564 588
2026-07-07T22:16:26,AIR175_S02_17,25,24,75 126 148 170 192 216 240 266 288 314 340 366 391 416 442 469 494 520 544 566 591,5 76 128 149 172 195 218 242 267 291 317 344 370 394 419 444 470 491 522 548 570 594
2026-07-07T22:20:03,AIR175_S02_18,24,25,9 35 59 85 110 136 162 187 212 238 259 283 306 332 357 381 406 431 458 484 508 532 556 580 606,10 36 62 91 115 141 169 192 215 240 264 289 315 338 362 387 409 434 460 487 512 537 559 584
2026-07-07T22:21:24,AIR175_S02_19,24,24,3 23 51 77 102 129 154 180 207 233 258 285 310 336 361 388 412 437 463 515 541 565 589,0 27 55 81 105 132 158 182 211 237 263 288 315 340 365 393 415 441 464 520 546 569 592
2026-07-07T22:23:06,AIR175_S02_2,24,24,18 43 69 95 119 142 165 193 219 242 266 290 318 370 394 420 445 471 495 520 545 596,5 22 46 74 98 125 147 168 194 224 246 267 293 319 375 400 424 448 472 498 523 550
2026-07-07T22:24:28,AIR175_S02_20,24,24,7 32 81 178 204 230 256 279 303 328 353 407 434 485 511 535 561 586,6 31 82 181 208 233 258 281 302 330 354 410 436 488 518 539 562 589
2026-07-07T22:26:30,AIR175_S02_9,25,25,16 38 67 92 157 176 196 214 231 248 268 290 314 339 364 388 410 434 457 505,19 45 65 97 163 180 198 216 238 254 270 294 318 343 367 390 413 428 460 511
2026-07-07T22:37:17,AIR175_S02_9,25,24,16 38 67 92 156 176 196 214 231 248 268 290 314 339 364 388 410 434 457 505 562,19 45 65 97 134 163 180 198 216 238 254 270 294 318 343 367 390 413 428 460 511 568
2026-07-07T22:48:20,AIR175_S02_9,25,27,16 38 67 92 156 176 196 214 231 248 268 290 314 339 364 388 410 434 457 505 528 544 561 574 584 597,19 45 65 97 134 163 180 198 216 238 254 270 294 318 343 367 390 413 428 460 511 536 568 588
2026-07-07T22:55:37,AIR175_S02_8,24,26,11 33 54 77 92 112 137 163 191 218 247 273 296 320 344 370 394 440 466 490 517 540 561 582 602,13 40 59 81 119 141 167 194 222 250 276 299 323 346 373 396 444 473 494 524 543 569 587
2026-07-07T22:57:05,AIR175_S02_7,24,24,23 46 68 91 115 139 165 193 221 246 271,26 49 71 94 119 143 171 200 235 251 273
2026-07-07T22:58:16,AIR175_S02_7,24,25,23 46 68 91 115 139 165 193 221 246 271 292 315 338 368 388 411 430 450 473 498 523 548 598,26 49 71 94 119 143 171 200 235 251 273 298 322 345 365 391 414 436 456 477 501 525 551
2026-07-07T22:58:54,AIR175_S02_7,24,25,23 46 68 91 115 139 165 193 221 246 271 292 315 338 368 387 408 430 450 473 498 523 548 598,26 49 71 94 119 143 171 200 235 251 273 298 322 345 365 391 414 436 456 477 501 525 551
2026-07-07T23:08:50,AIR175_S02_7,24,25,23 46 68 91 115 139 165 193 221 246 271 292 315 338 368 387 409 430 450 473 498 523 548 598,26 49 71 94 119 143 171 200 235 251 273 298 322 345 365 391 414 436 456 477 501 525 551
2026-07-07T23:21:07,AIR175_S02_6,25,24,20 50 76 94 112 133 155 180 206 238 268 288 311 332 353 374 397 425 450 477 507 531 558 589,13 44 73 89 107 126 149 174 200 226 254 287 305 326 347 370 391 415 441 470 496 515 534 549 577
2026-07-07T23:28:05,AIR175_S02_6,25,26,10 41 66 86 104 123 145 168 194 224 245 261 279 300 321 343 364 386 411 436 460 490 520 546 574 605,13 44 73 89 107 126 149 174 200 226 254 287 305 326 347 370 391 415 441 470 496 515 534 549 577
2026-07-07T23:32:19,AIR175_S02_5,23,24,9 34 60 85 109 137 163 189 216 244 268 295 322 347 373 399 426 451 479 504 528 553 578 603,15 36 62 86 112 140 167 192 219 245 272 297 324 348 376 402 428 453 480 507 532 557 582
2026-07-07T23:33:40,AIR175_S02_40,25,25,67 114 185 209 233 256 304 329 353 375 398 422 447 471 543 591,68 116 188 211 236 258 306 331 355 379 400 424 448 472 546 592
2026-07-07T23:34:22,AIR175_S02_4,24,24,4 75 126 176 227 255 330 383 488 540 567,6 77 128 179 228 256 333 385 489 542 570
2026-07-07T23:49:56,AIR175_S02_21,24,25,346 367 387 407 431 454 475 494 521 553 578 598,349 375 393 410 437 460 480 499 527 556 584
2026-07-07T23:50:55,AIR175_S02_21,24,25,5 30 75 104 135 155 177 199 222 281 304 325 346 367 387 407 431 454 475 494 521 553 578 598,10 32 69 110 137 158 179 202 223 285 309 330 349 375 393 410 437 460 480 499 527 556 584
2026-07-07T23:56:25,AIR175_S02_22,26,25,8 26 47 93 113 132 152 173 193 214 234 255 279 328 351 374 398 425 449 495 518 564 587,11 28 50 75 95 115 133 153 175 196 218 238 257 277 331 355 378 401 426 451 498 519 566 589
2026-07-08T00:07:25,AIR175_S02_23,23,20,1 18 116 139 164 191 219 245 268 294 316 340 369 392 416 442 468 530 558 588,8 27 62 104 133 148 175 198 228 254 279 303 325 349 379 402 426 452 477 502 539 567 597
2026-07-08T00:22:13,AIR175_S02_23,23,23,,
2026-07-08T00:28:06,AIR175_S02_23,23,21,4 23 120 146 173 197 224 250 276 296 316 348 375 399 421 449 474 506 535 562 594,8 27 62 104 133 148 175 198 228 254 279 303 325 349 379 402 426 452 477 502 539 567 597
2026-07-08T00:31:27,AIR175_S02_24,26,26,152 177 203 223 248 267 288 331,153 180 207 227 249 268 290 335
2026-07-08T00:33:52,AIR175_S02_39,25,26,4 72 95 118 142 166 192 241 292 317 343 366 390 413 438 461 485 509 556 579 601,9 74 98 120 144 168 193 242 296 319 344 367 392 418 440 464 488 510 558 582
2026-07-08T00:35:54,AIR175_S02_37,25,25,22 68 93 116 139 160 183 206 230 253 277 302 328 351 374 399 424 449 473 498 521 544 568,24 71 95 119 143 163 186 209 233 255 279 304 331 357 378 401 425 451 475 502 525 549 571
2026-07-08T00:37:18,AIR175_S02_36,26,26,15 37 63 83 108 130 154 178 202 225 248 271 296 322 346 369 393 417 441 465 488 512 535 560 582 605,0 18 39 65 86 109 133 156 180 204 227 249 273 297 323 347 370 394 419 443 467 491 515 539 562 583
2026-07-08T00:37:49,AIR175_S02_35,24,24,90 115 145 171 218 241 267 295 320,92 118 148 174 220 243 269 296 322
2026-07-08T00:39:17,AIR175_S02_34,25,25,8 30 57 84 105 124 146 173 254 300 317 337 360 385 411 440 469 496 518 538 583,14 35 60 87 108 126 149 174 255 306 321 338 358 388 414 444 474 499 520 540 585
2026-07-08T00:41:34,AIR175_S02_25,26,25,4 29 52 98 121 142 164 191 216 238 261 286 327 361 390 415 432 451 472 495 516 538 563,8 31 59 103 123 145 165 193 219 241 265 294 331 355 369 392 422 439 456 476 497 519 540 571
2026-07-08T00:43:17,AIR175_S02_26,24,25,6 36 72 103 127 156 180 206 230 251 276 299 325 349 374 396 421 468 491 516 542 564 584 603,8 39 75 107 130 158 183 208 231 254 280 305 327 351 376 398 422 470 494 517 538 565 587
2026-07-08T00:48:13,AIR175_S02_27,27,27,44 66 87 110 131 151 172 195 218 238 251 279 302 349 371 389 411 436 456 480 503 525 546 566 588,46 67 89 112 132 154 173 197 222 244 257 282 307 350 373 393 414 438 460 483 505 528 549 572 594
2026-07-08T00:48:36,AIR175_S02_28,27,27,463 485 553 577,465 486 555 579
2026-07-08T00:50:02,AIR175_S02_29,25,26,14 38 60 153 175 198 224 247 271 316 339 361 383 405 426 495 518 542 564 587,16 40 62 155 178 197 226 249 272 319 343 364 386 409 428 498 520 546 568
2026-07-08T00:58:51,AIR175_S02_3,24,24,10 35 60 84 109 134 156 181 205 256 281 307 333 357 382 408 461 487 513 536 561 584,13 41 62 87 113 137 160 184 208 260 286 309 336 362 386 409 465 491 519 542 567 589
2026-07-08T00:59:37,AIR175_S02_30,26,27,5 163 211 256 418 440 462 508 580 600,6 165 213 257 420 442 464 510 582
2026-07-08T01:09:16,AIR175_S02_31,26,26,4 24 43 65 89 110 134 152 179 194 208 240 272 299 323 346 395 419 444 497 545 566 585,6 26 45 68 94 111 140 155 175 196 210 243 275 301 324 349 397 421 446 501 552 571 593
2026-07-08T01:17:01,AIR175_S02_31,26,25,4 24 43 65 89 134 152 179 193 208 240 272 299 323 346 395 419 444 497 545 566 585,6 26 45 68 94 111 140 155 175 196 210 243 275 301 324 349 397 421 446 501 552 571 593
2026-07-08T01:21:50,AIR175_S02_32,29,29,5 26 51 68 92 116 140 164 185 205 230 279 299 321 338 355 374 393 463 483,6 28 56 73 95 118 141 166 186 208 232 276 302 322 343 356 376 397 464 487
2026-07-08T01:27:21,AIR175_S02_32,29,29,,
2026-07-08T01:52:36,AIR175_S02_32,29,30,4 26 51 65 89 116 136 162 183 204 227 251 275 297 319 336 353 372 391 414 436 459 483 498 513 535 552 559 570,6 28 56 73 95 118 141 166 186 208 232 254 276 302 322 343 356 376 397 418 440 464 487 524 538 555 566 596
2026-07-08T02:14:02,AIR175_S02_33,23,25,8 221 243 263 286 314 350 367 383 402 423 443 470 492 509 529 555 594,232 248 267 290 315 358 373 386 405 424 445 468 496 517 534 554
2026-07-08T02:18:58,AIR175_S02_33,23,23,,
2026-07-08T02:31:30,AIR175_S02_33,23,26,4 24 39 55 76 100 123 226 244 289 316 351 369 383 471 491 509 531 557 579 596,47 64 78 102 122 232 248 290 315 358 373 386 468 496 517 534 554 578
2026-07-08T08:29:52,AIR175_S03_9,23,23,15 71 100 126 151 179 204 231 257 283 337 365 393 417 443 471 499 526 552 578 603,0 26 74 103 131 155 182 208 233 260 285 340 366 391 420 448 475 501 528 555 581
2026-07-08T09:02:47,AIR175_S07_01,25,25,3 21 37 46 54 75 88 104 119 134 152 171 182 199 219 238 274 285 318 335 353 368 381 399,5 32 56 69 81 112 132 157 179 201 229 256 273 329 357 411 428 449 477 503 530 553 572 599
2026-07-08T11:43:56,AIR175_S07_02,27,27,15 32 60 68 77 88 105 124 143 155 178 189 199 210 228 251 268 276 294 311 329 345 357 372 383,22 74 91 103 116 133 158 186 215 233 267 298 315 343 376 403 415 427 441 467 494 518 536 558 575
2026-07-08T11:59:23,AIR175_S07_01,25,25,,
2026-07-08T12:00:21,AIR175_S07_02,27,27,,
2026-07-08T12:21:15,AIR175_S03_8,21,22,6 29 53 80 95 104 182 205,10 40 63 121 146 174 194
2026-07-08T12:41:27,AIR175_S03_8,21,21,6 32 59 79 90 103 182 205 236 263 330 354 378 406 433 460 515 540 566 592,10 40 63 121 146 174 194 213 244 279 322 360 385 413 445 467 511 543 571 597
2026-07-08T12:44:16,AIR175_S03_9,23,23,,
2026-07-08T12:45:15,AIR175_S03_9,23,23,15 71 100 126 151 179 204 231 257 283 337 364 392 417 443 471 499 526 552 578 603,0 26 74 103 131 155 182 208 233 260 285 340 366 391 420 448 475 501 528 555 581
2026-07-08T12:52:06,AIR175_S03_8,21,21,6 34 60 79 90 103 184 208 239 263 332 356 380 408 435 462 490 516 542 568 594,10 40 63 121 146 174 194 213 244 279 322 360 385 413 445 467 487 511 543 571 597
2026-07-08T12:59:33,AIR175_S03_7,23,23,26 50 72 99 128 155 184 208 232 257 279 307 330 354 380 406 428 453 478 507 531 558 586,20 53 79 101 130 158 189 212 238 262 285 310 336 360 384 410 433 456 479 506 539 562 592
2026-07-08T13:00:32,AIR175_S03_7,23,24,3 26 50 72 99 128 155 184 208 232 257 279 307 330 354 380 406 428 453 478 507 531 558 586,20 53 79 101 130 158 189 212 238 262 285 310 336 360 384 410 433 456 479 506 539 562 592
2026-07-08T13:00:52,AIR175_S03_7,23,23,26 50 72 99 128 155 184 208 232 257 279 307 330 354 380 406 428 453 478 507 531 558 586,20 53 79 101 130 158 189 212 238 262 285 310 336 360 384 410 433 456 479 506 539 562 592
2026-07-08T13:06:36,AIR175_S03_6,24,23,17 44 69 92 118 146 173 199 225 251 275 301 327 353 379 405 425 452 474 499 525 553 580,2 23 46 72 104 123 151 176 203 230 255 280 304 335 358 385 411 433 458 481 504 528 557 587
2026-07-08T13:15:11,AIR175_S03_5,20,21,29 81 191 215 236 289 318 347 372 400 424 449 476 503 530 557 585,27 82 194 256 293 322 349 405 419 440 468 482 499 526 546 580
2026-07-08T13:18:41,AIR175_S03_4,22,20,25 53 79 110 169 228 259 343 372 434 462 519 545 578,23 42 58 78 107 154 173 232 266 347 374 436 468 520 549 576
2026-07-08T13:26:30,AIR175_S03_1,27,24,22 49 104 159 181 205 226,36 53 96 107 119 149 165 185 206 240
2026-07-08T13:27:47,AIR175_S03_1,27,23,22 49 76 104 159 181 205 226 251 278 300 407 462 490 513 540 570 597,36 53 78 96 107 119 149 165 185 206 240 254 270 283 304 404 416 465 496 518 547 575
2026-07-08T13:31:06,AIR175_S03_10,23,23,19 47 73 101 128 154 182 209 236 264 292 321 346 374 452 480 505 530 555 581 605,14 26 51 77 103 131 157 183 213 239 262 291 320 350 376 456 482 515 536 556 584
2026-07-08T13:40:50,AIR175_S03_3,26,23,11 30 86 112 125 167 199 228 339 369 400 460 489 518 546 573 604,0 31 45 74 88 102 118 170 185 209 233 340 366 401 464 494 522 551 577 593
2026-07-08T13:41:56,AIR175_S03_3,26,23,11 30 86 112 125 167 199 228 311 339 368 400 460 489 524 546 573 604,0 31 45 74 88 102 118 170 185 209 233 313 340 366 401 464 494 522 551 577 593
2026-07-08T13:44:16,AIR175_S03_3,26,23,4 28 58 85 111 126 168 197 230 252 311 339 368 400 460 490 521 546 573 604,0 31 45 56 74 88 102 118 170 185 209 233 250 313 340 366 401 464 494 522 551 577 593
2026-07-08T13:45:22,AIR175_S03_3,26,22,4 28 60 85 112 141 168 199 230 255 311 339 368 400 463 491 521 545 573 604,0 31 45 56 74 88 102 118 145 170 185 209 233 250 313 340 366 401 464 494 522 551 577 593
2026-07-08T13:48:01,AIR175_S03_3,26,22,4 28 60 85 112 141 168 199 230 255 309 339 368 400 463 491 521 545 573 604,0 31 45 56 74 88 102 118 145 170 185 209 233 250 313 340 366 401 464 494 522 551 577 593
2026-07-08T13:48:43,AIR175_S03_3,26,22,4 28 60 85 112 141 168 199 228 255 309 339 368 400 463 491 521 545 573 604,0 31 45 56 74 88 102 118 145 170 185 209 233 250 313 340 366 401 464 494 522 551 577 593
2026-07-08T13:49:01,AIR175_S03_3,26,22,4 28 58 85 112 141 168 199 228 255 309 339 368 400 463 491 521 545 573 604,0 31 45 56 74 88 102 118 145 170 185 209 233 250 313 340 366 401 464 494 522 551 577 593
2026-07-08T13:50:23,AIR175_S03_3,26,21,28 58 85 112 141 168 199 228 255 309 339 368 400 463 491 521 545 573 604,0 31 45 56 74 88 102 118 145 170 185 209 233 250 313 340 366 401 464 494 522 551 577 593
2026-07-08T13:53:04,AIR175_S04_1,31,33,1 22 41 62 78 122 143 181 203 225 240 277 298 310 328 348 366 378 415 435 489 509 526 542 562 579 598,25 42 63 79 124 145 183 204 228 246 278 300 312 329 350 368 382 416 436 492 511 527 544 563 580
2026-07-08T13:56:13,AIR175_S04_10,33,34,12 28 46 82 101 119 138 157 177 195 232 251 269 286 306 358 376 393 410 445 461 477 493 510 529 548 564 583 599,15 30 47 84 102 120 136 155 178 197 234 250 272 291 309 360 377 395 413 448 464 482 496 514 533 549 567 584
2026-07-08T14:19:48,AIR125_S01_001,24,24,14 39 65 185 205 251 277 333 443 471 497 525 551 594,15 40 66 186 203 253 279 334 444 472 499 526 552 595
2026-07-08T14:20:55,AIR125_S01_002,22,22,21 49 73 101 129 158 184 209 236 260 283 311 359 418 445 475 501 555 577,22 50 75 102 130 160 186 211 238 262 284 312 362 422 446 476 503 556 578
2026-07-08T14:21:25,AIR125_S01_001,24,24,,
2026-07-08T14:21:28,AIR125_S01_002,22,22,,
2026-07-08T14:22:19,AIR175_S04_1,31,31,,
2026-07-08T14:24:15,AIR175_S04_1,31,33,3 24 44 66 81 101 125 146 164 184 206 227 244 262 280 330 352 369 380 397 417 438 457 475 493 512 528 545 565 583 601,25 42 63 79 98 124 145 162 183 204 228 246 259 278 329 350 368 382 395 416 436 455 472 492 511 527 544 563 580
2026-07-08T14:25:39,AIR175_S04_10,33,35,0 31 48 66 104 122 141 160 180 199 217 235 255 290 328 346 361 379 396 431 447 480 498 550 568 585 602,30 47 65 102 120 136 155 178 197 214 234 250 291 326 344 360 377 395 428 448 482 496 549 567 584
2026-07-08T14:27:36,AIR175_S04_11,39,39,7 22 36 56 68 83 127 140 154 171 184 200 215 273 287 303 321 337 355 365 378 394 409 420 428 437 477 500 517 530 542 595,5 20 35 55 67 79 124 137 149 168 183 197 214 274 283 298 320 335 353 364 376 392 407 419 429 435 478 498 514 529 540 597
2026-07-08T14:31:35,AIR175_S04_12,37,37,47 66 98 122 145 166 188 203 220 235 253 271 286 309 329 351 379 391 414 425 436 449 463 474 495 512 533 548 561 585 594 604,42 74 94 117 123 140 162 185 204 218 233 249 268 284 300 326 348 377 390 413 424 434 447 461 473 492 510 528 545 559 584 592
2026-07-08T14:39:18,AIR175_S04_13,37,39,0 29 43 56 67 79 96 112 154 168 180 193 205 218 231 246 262 284 304 324 361 377 396 419 441 460 478 493 507 522 538 555 570 584 600,2 28 41 53 66 93 110 151 166 178 192 203 217 230 244 259 278 300 321 359 373 391 415 438 457 475 491 505 519 535 553 567 581
2026-07-08T14:40:55,AIR175_S04_14,41,42,44 59 77 105 123 138 153 168 181 194 208 222 236 246 276 288 299 311 341 350 359 370 380 405 417 429 443 456 471 486 510 528 550 568 587 601,43 53 73 102 120 135 150 167 178 190 206 218 234 247 275 286 297 308 340 349 357 368 378 404 415 425 440 453 468 485 507 525 546 566 584
2026-07-08T14:44:29,AIR175_S04_15,39,41,4 20 43 55 76 106 132 148 164 179 192 208 220 230 248 261 276 290 312 329 342 356 366 380 395 418 429 439 449 463 474 488 499 512 524 536 552 571 596,18 42 53 69 103 130 144 161 176 189 210 217 229 246 260 273 289 311 326 340 355 364 376 417 427 437 448 461 473 486 497 508 522 533 549 563 599
2026-07-08T14:45:39,AIR175_S04_16,34,34,28 44 61 80 116 131 149 168 204 221 239 256 273 309 325 343 361 378 394 413 464 484 503 521 537 555 573,26 42 60 79 114 129 147 164 203 220 237 254 271 305 323 340 357 376 392 410 462 481 502 520 536 554 571
2026-07-08T14:47:35,AIR175_S04_17,32,33,38 56 74 92 110 129 146 185 205 223 259 296 330 348 384 403 422 439 456 474 512 527 546 563 581 598,36 57 73 88 106 125 144 181 198 220 262 294 328 345 381 401 420 438 455 473 510 526 540 560 580
2026-07-08T14:50:00,AIR175_S04_9,32,33,9 28 45 64 83 102 121 138 158 179 199 218 235 255 274 294 309 327 345 387 407 427 445 464 538 556 606,6 24 43 60 79 97 118 135 155 175 195 216 232 252 272 291 307 325 342 383 405 430 451 467 535 553
2026-07-08T14:51:07,AIR175_S04_18,34,34,9 25 43 61 81 97 117 137 153 171 188 205 222 243 260 278 297 315 368 383 400 418 434 454 475 491 509 524 545 561 579 597,7 23 42 59 78 95 113 134 150 169 186 202 220 241 257 276 294 312 366 381 398 416 433 451 472 490 506 522 542 559 577 594
2026-07-08T14:52:32,AIR175_S04_19,34,34,5 23 41 60 78 98 132 149 168 187 204 220 253 271 289 306 325 342 360 380 397 413 432 450 470 483 501 521 554 570 587,7 20 40 58 76 97 131 148 165 184 201 219 250 269 287 304 322 340 358 377 395 412 430 449 468 482 499 518 553 568 585
2026-07-08T14:54:49,AIR175_S04_2,38,38,15 39 85 101 117 128 139 155 169 180 211 227 244 255 270 286 303 334 370 425 439 462 497 514 531 547 564 580 598,11 34 79 100 114 127 140 153 165 179 208 226 241 254 266 283 296 367 388 426 436 463 494 510 528 544 560 577 596
2026-07-08T14:56:16,AIR175_S04_20,34,34,0 51 71 90 110 164 183 204 256 274 293 327 344 364 381 399 416 435 453 470 538 557 575 593,2 50 69 89 107 163 182 202 254 271 290 326 342 358 379 398 414 433 451 468 539 556 574 591
2026-07-08T14:57:46,AIR175_S04_8,33,34,0 32 50 67 85 105 122 138 155 173 191 213 232 251 270 306 324 343 360 380 400 436 454 490 541 557 575 594,31 48 65 82 102 121 137 153 172 190 211 233 250 268 304 322 341 359 377 398 435 453 494 551 560 582 599
2026-07-08T14:59:23,AIR175_S04_21,44,45,3 37 49 60 74 90 115 129 144 159 177 191 211 229 244 258 280 313 340 351 384 404 413 425 449 463 490 529 546 559 570 584 597,0 35 51 61 71 88 114 128 143 158 176 189 210 227 243 255 278 311 339 350 385 407 424 448 462 486 528 544 560 569 582 596
2026-07-08T15:00:38,AIR175_S04_22,40,42,21 36 47 66 115 129 143 157 169 183 228 247 258 274 346 360 372 400 414 425 437 449 466 490 505 520 547 558 578 595 606,19 34 45 64 113 126 140 155 168 182 227 245 254 273 344 357 370 401 412 424 435 448 464 489 502 518 546 555 579
2026-07-08T15:05:38,AIR175_S04_23,40,42,64 82 98 117 139 158 171 185 197 210 231 242 252 276 290 308 325 342 360 390 404 418 430 471 499 511 525 537 545 556 571 599,63 75 102 110 120 156 169 184 195 208 233 240 251 274 307 322 340 357 389 402 417 429 470 500 510 524 536 546 554 570
2026-07-08T15:06:49,AIR175_S04_7,30,31,48 93 116 135 156 176 196 217 239 262 282 321 340 377 396 416 433 454 471 489 508 527 546 565 604,46 94 115 134 155 174 195 216 236 260 281 320 338 375 394 413 432 451 470 487 506 525 545 564
2026-07-08T15:21:41,AIR175_S04_24,33,38,27 55 69 84 101 119 133 152 174 191 204 216 231 249 258 280 300 313 342 360 388 405 440 455 467 484 502 522 540 568 595,26 53 68 83 97 118 131 147 170 194 213 228 247 304 341 359 389 407 438 452 481 499 519 538 569 593
2026-07-08T15:31:41,AIR175_S04_25,24,21,11 29 114 153 168 193 209 223 241 493 510,8 28 112 152 167 192 207 222 236 276 331 430 512 593
2026-07-08T15:33:24,AIR175_S04_3,32,32,16 30 41 61 98 121 139 157 176 192 210 229 248 268 285 301 318 333 351 394 414 438 484 505 524 544 579 599,18 24 39 59 97 114 137 154 172 190 208 227 244 262 283 300 316 332 349 389 413 435 480 502 522 541 578 596
2026-07-08T15:35:04,AIR175_S04_6,31,32,3 25 43 65 85 104 124 146 166 187 204 224 243 278 299 338 360 399 413 463 480 518 535 554 572 592,23 44 63 84 102 121 145 164 184 203 221 240 275 298 336 353 401 416 461 479 517 536 557 577 595
2026-07-08T15:36:29,AIR175_S04_4,35,35,8 27 44 62 77 94 109 124 143 159 177 195 209 227 247 264 283 302 322 342 360 374 390 407 424 442 461 482 499 514 531 548 565 580 597,5 24 41 59 75 91 106 119 137 157 172 193 208 225 245 262 281 301 321 339 358 372 386 404 420 440 459 479 498 513 528 546 561 575 595
2026-07-08T15:38:06,AIR175_S04_5,26,28,3 22 39 60 95 155 176 215 239 296 317 355 377 404 470 530 549,18 36 58 94 154 174 216 235 294 315 358 380 469 534 551
2026-07-08T15:42:10,AIR175_S05_1,27,27,5 25 77 131 201 228 260 309 326 374 398 432 457 477 494 511 527 538 552 575 600,7 23 76 136 200 225 259 307 325 372 394 429 455 475 492 509 528 542 549 573 599
2026-07-08T15:44:29,AIR175_S05_10,21,22,9 37 101 117 142 152 170 253 287 313 343 585 596,8 36 100 116 141 146 155 285 314 342 582 597
2026-07-08T15:46:53,AIR175_S05_11,24,25,98 124 151 175 200 245 269 294 319 345 368 475 499 607,100 127 152 176 202 246 271 295 323 346 369 472 498
2026-07-08T15:47:34,AIR175_S05_12,23,24,1 26 107 161 253 436 516 600,24 106 159 254 434 513 597
2026-07-08T15:48:16,AIR175_S05_13,23,23,20 161 289 317 339 422 457 527 558 586,17 160 288 316 338 420 456 529 561 588
2026-07-08T15:48:52,AIR175_S05_14,21,22,186 241 324 373 455 479 502 548 599,188 242 323 372 457 480 504 550
2026-07-08T15:49:52,AIR175_S05_9,20,22,29 52 69 87 113 147 184 207 366 386 449 470 496 518 569 595,28 50 66 85 111 145 182 364 387 469 494 517 568 593
2026-07-08T15:50:21,AIR175_S05_15,23,23,25 152 230 308 434 461 518,24 153 228 307 433 462 519
2026-07-08T15:50:58,AIR175_S05_16,23,23,53 252 284 327 356 377 503 528 554 581,54 251 283 326 354 376 505 529 553 580
2026-07-08T15:53:32,AIR175_S05_8,24,25,18 36 91 122 148 247 287 374 383 393 466 491 519 557 604,16 35 89 120 145 246 288 375 385 395 464 493 518 556
2026-07-08T15:54:43,AIR175_S05_7,25,27,2 25 39 52 65 78 98 110 216 235 258 277 292 322 344 366 389 413 437 457 475 493 532 565 586 607,4 23 38 51 63 77 97 108 213 232 254 276 293 321 342 364 385 409 435 455 473 492 563 585
2026-07-08T15:55:20,AIR175_S05_17,22,22,41 95 281 309 388 415 443 469 496 582,38 97 279 308 390 413 441 468 498 581
2026-07-08T15:56:02,AIR175_S05_18,22,23,12 108 134 158 240 266 296 329 391 445 554 582 606,11 109 133 159 241 267 297 327 393 447 556 584
2026-07-08T15:56:53,AIR175_S05_6,23,23,46 124 263 287 363 387 400 447 481 540 560 581,43 125 261 288 362 385 401 446 480 538 558 580
2026-07-08T15:59:04,AIR175_S05_5,24,27,42 64 81 104 132 154 183 202 220 237 258 274 289 312 333 363 397 428 454 474 487 543 554 580 602,38 61 78 101 130 151 182 199 216 235 256 273 285 329 361 426 452 472 486 545 555 578
2026-07-08T15:59:58,AIR175_S05_45,11,12,14 41 67 95 149 182 330 360 594,12 38 65 93 148 177 331 589
2026-07-08T16:01:13,AIR175_S05_44,22,22,5 62 167 192 481 563 593,7 63 168 191 480 566 594
2026-07-08T16:02:08,AIR175_S05_43,21,21,16 42 99 126 188 218 246 328 354 412 441 470 497 525 553,18 45 100 128 189 217 247 331 357 413 443 471 498 527 552
2026-07-08T16:02:48,AIR175_S05_42,19,20,16 83 114 200 261 315 345 377 408 494 520 548 602,18 84 115 202 262 318 346 378 409 495 521 549
2026-07-08T16:03:35,AIR175_S05_41,22,22,144 306 337 471 500 530 562 588,142 308 334 470 501 529 561 589
2026-07-08T16:05:30,AIR175_S05_19,24,24,27 82 107 132 178 201 255 279 405 432 458 538,26 80 108 131 179 199 253 278 406 430 457 539
2026-07-08T16:06:16,AIR175_S05_40,22,22,18 98 126 153 239 290 315 341 367 394 451 481 507 589,17 99 127 152 237 291 316 340 366 395 452 480 506 590
2026-07-08T16:08:11,AIR175_S05_4,20,22,1 35 60 92 128 163 250 279 301 321 497 521 544 598,34 57 91 131 155 246 277 300 496 519 540 596
2026-07-08T16:08:23,AIR175_S05_4,20,23,1 35 60 92 128 163 250 279 301 321 497 521 544 562 598,34 57 91 131 155 246 277 300 496 519 540 596
2026-07-08T16:08:38,AIR175_S05_4,20,24,1 35 60 92 128 163 250 279 301 321 497 521 544 562 575 598,34 57 91 131 155 246 277 300 496 519 540 596
2026-07-08T16:09:10,AIR175_S05_4,20,23,1 35 60 92 128 163 250 279 301 321 338 373 394 497 521 544 562 598,34 57 91 131 155 246 277 300 340 372 393 496 519 540 596
2026-07-08T16:10:11,AIR175_S05_2,15,16,15 46 136 158 177 223 244 272,12 132 152 179 221 242 270
2026-07-08T16:13:21,AIR175_S05_2,15,15,15 136 158 177 223 244 272,12 132 152 179 221 242 270
2026-07-08T16:15:00,AIR175_S05_20,22,23,15 36 58 84 108 133 160 188 215 269 320 457 515 548 576 603,14 37 59 85 110 134 161 189 216 270 321 458 517 547 574
2026-07-08T16:15:33,AIR175_S05_21,21,23,0 143 223 253 282 366 396 579,142 225 254 281 367 397
2026-07-08T16:16:09,AIR175_S05_22,22,22,28 123 150 257 282 311 363 468 517 595,29 124 151 258 284 310 364 472 519 596
2026-07-08T16:17:02,AIR175_S05_23,23,23,11 36 60 86 142 168 198 221 293 317 352 379 407 434 533 560 587,12 37 62 87 140 169 197 222 292 319 353 381 406 435 534 561 589
2026-07-08T16:18:14,AIR175_S05_24,23,23,7 36 61 86 112 139 164 190 219 250 276 299 325 352 381 406 433 457 482 565,9 37 64 88 113 141 166 192 222 251 279 300 326 354 382 408 435 458 484 564
2026-07-08T16:18:56,AIR175_S05_25,23,24,7 35 61 85 114 222 248 272 378 478 560 607,9 37 62 87 113 224 249 274 377 479 561
2026-07-08T16:20:07,AIR175_S05_39,22,23,72 97 152 179 203 231 282 309 338 388 416 501 529 578 602,73 95 151 178 201 229 283 310 339 391 417 504 528 579
2026-07-08T16:20:58,AIR175_S05_38,23,23,69 97 124 152 177 280 303 516 542 570,71 96 125 153 178 281 305 518 544 571
2026-07-08T16:21:06,AIR175_S05_38,23,23,69 97 124 152 177 280 303 383 410 516 542 570,71 96 125 153 178 281 305 384 411 518 544 571
2026-07-08T16:21:39,AIR175_S05_37,23,23,144 171 198 225 252 384 409 435 462,145 172 200 224 254 382 411 434 461
2026-07-08T16:22:20,AIR175_S05_36,23,23,41 66 95 124 177 204 256 279 383 410 468 491 515 566 594,43 69 96 125 178 206 257 281 384 411 469 493 516 567 595
2026-07-08T16:23:07,AIR175_S05_35,21,22,1 52 80 260 341 398 484 538,51 79 258 342 399 485 539
2026-07-08T16:23:59,AIR175_S05_26,21,22,0 52 80 109 224 275 329 357 387 503 528 554 580,53 81 108 225 276 330 358 388 504 529 555 582
2026-07-08T16:24:35,AIR175_S05_27,20,21,0 26 53 142 202 231 262 469 495 518,25 54 143 201 232 259 470 496 520
2026-07-08T16:25:13,AIR175_S05_28,21,22,2 88 228 251 389 419 447 531,89 230 253 390 420 448 533
2026-07-08T16:26:03,AIR175_S05_29,22,22,9 34 183 211 237 262 290 316 425 511 566 593,8 33 185 212 238 263 289 318 426 512 568 592
2026-07-08T16:27:27,AIR175_S05_3,21,21,17 59 77 95 121 152 193 225 262 312 343 376 485 507 539 566 597,19 56 78 93 119 149 190 222 259 311 344 375 483 505 536 565 593
2026-07-08T16:28:15,AIR175_S05_34,21,21,97 127 156 183 210 294 350 377 408 467 496 554 581,98 128 159 186 211 296 351 379 407 469 497 556 583
2026-07-08T16:29:29,AIR175_S05_33,22,23,35 89 228 254 280 302 330 383 411 439 462 490 575 602,37 91 229 256 281 304 333 384 412 440 463 491 574
2026-07-08T16:30:05,AIR175_S05_32,21,21,20 76 134 238 469 556,21 77 135 240 467 557
2026-07-08T16:30:35,AIR175_S05_31,22,22,76 129 156 213 298 356 385 456 599,77 130 157 214 300 355 384 458 597
2026-07-08T16:32:08,AIR175_S05_30,20,21,63 87 113 166 333 417 453 485 521 576 603,62 88 112 165 332 418 451 482 518 573
2026-07-08T16:33:40,AIR175_S05_30,20,21,8 36 63 86 139 222 274 328 353 415 450 547 574 600,10 37 62 88 140 223 275 332 355 418 451 550 573
2026-07-08T16:40:52,AIR175_S07_01,25,25,113 134 158 182 203 231 257 274 301 330 359 386 412 450 479 531 555 574,112 132 157 179 201 229 256 273 299 329 357 411 449 477 530 553 572 599
2026-07-08T16:41:25,AIR175_S07_01,25,26,113 134 158 182 203 231 257 274 301 330 359 386 412 450 479 531 555 574 601,112 132 157 179 201 229 256 273 299 329 357 411 449 477 530 553 572 599
2026-07-08T16:41:55,AIR175_S07_01,25,27,96 113 134 158 182 203 231 257 274 301 330 359 386 412 450 479 531 555 574 601,112 132 157 179 201 229 256 273 299 329 357 411 449 477 530 553 572 599
2026-07-08T16:45:08,AIR175_S07_02,27,29,0 25 53 76 118 134 189 217 236 269 285 301 318 346 380 404 445 470 498 520 540 559 578 590,22 49 74 116 133 186 215 233 267 284 298 315 343 376 403 441 467 494 518 536 558 575
2026-07-08T16:47:24,AIR175_S07_03,22,22,8 47 68 105 130 195 222 253 274 300 329 360 383 424 451 479 502 532,7 46 65 102 129 191 220 251 273 297 327 357 382 421 449 475 501 527
2026-07-08T16:48:02,AIR175_S07_03,22,22,8 47 68 105 130 195 222 253 274 300 329 360 383 424 451 479 502 532 584,7 46 65 102 129 191 220 251 273 297 327 357 382 421 449 475 501 527 582
2026-07-08T16:50:20,AIR175_S07_04,21,22,32 57 159 186 237 258 318 342 377 401 468 492 519 531 559 596,31 54 160 187 235 257 317 340 400 467 491 520 530 561 595
2026-07-08T16:52:26,AIR175_S07_05,22,23,36 62 138 197 227 304 341 363 407 444 468 498 519 533 545 569 593,35 63 139 198 225 305 342 361 404 443 465 497 518 537 570 594
2026-07-08T16:52:59,AIR175_S07_05,22,23,36 62 138 197 227 304 341 365 407 444 468 498 519 533 545 569 593,35 63 139 198 225 305 342 361 404 443 465 497 518 537 570 594
2026-07-08T16:54:29,AIR175_S07_05,22,22,,
2026-07-08T16:56:29,AIR175_S07_05,22,22,36 61 87 109 138 197 227 253 276 303 340 406 468 498 519 533 545 569 592,35 63 88 110 139 198 225 254 277 305 342 361 404 465 497 518 537 570 594
2026-07-08T16:56:57,AIR175_S07_05,22,23,36 61 87 109 138 197 227 253 276 303 340 363 406 468 498 519 533 545 569 592,35 63 88 110 139 198 225 254 277 305 342 361 404 465 497 518 537 570 594
2026-07-08T16:59:38,AIR175_S07_06,19,19,93 174 197 248,92 175 199 249
2026-07-08T17:01:04,AIR175_S07_06,19,19,93 174 197 248 413,92 175 199 249 414
2026-07-08T17:05:24,AIR175_S07_07,24,25,67 90 121 158 206 225 241 301 404 431 454 475 499 525 549,68 91 119 160 207 227 302 402 433 453 474 498 524 548
2026-07-08T17:06:24,AIR175_S07_07,24,25,67 90 117 158 206 225 241 301 404 431 454 475 499 525 549,68 91 119 160 207 227 302 402 433 453 474 498 524 548
2026-07-08T17:08:13,AIR175_S07_08,22,22,20 45 73 102 129 156 182 206 236 341 369 402 430 457 480 503,19 43 71 99 128 155 181 205 230 340 368 394 427 455 479 502
2026-07-08T17:09:46,AIR175_S07_09,22,22,17 47 76 104 130 156 233 473 502 532 563 593,16 45 74 103 128 154 231 470 503 531 561 592
2026-07-08T17:11:19,AIR175_S07_10,20,20,45 76 135 167 224 250 281 394 481 510,46 77 134 163 221 249 282 393 479 508
2026-07-08T17:14:25,AIR175_S07_11,20,20,3 97 129 156 216 247 341 373 405 435 470 558 587,4 99 127 158 211 245 339 372 403 434 468 559 586
2026-07-08T17:15:48,AIR175_S07_12,12,12,16 342 372 400 527 557,14 343 370 399 528 556
2026-07-08T17:19:25,AIR175_S07_13,15,19,16 51 76 98 117 124 132 145,15 49 75 97
2026-07-08T17:19:51,AIR175_S07_13,15,20,16 51 76 98 117 124 132 145 161,15 49 75 97
2026-07-08T17:21:09,AIR175_S07_13,15,20,16 51 76 98 117 124 132 145 163,15 49 75 97
2026-07-08T17:23:27,AIR175_S07_13,15,28,16 51 76 98 117 124 132 145 161 181 196 212 526 533 543 552 564,15 49 75 97
2026-07-08T17:26:51,AIR175_S07_13,15,17,16 51 76 98 211 236 258 294 321 381 436 462 497 567 585,15 49 75 97 239 255 293 320 380 435 463 496 587
2026-07-08T17:27:34,AIR175_S07_14,19,20,23 85 116 151 184 213 243 300 331 357 386 418 595,24 84 117 150 183 212 242 299 330 358 385 416
2026-07-08T17:28:36,AIR175_S07_15,19,19,25 56 117 148 184 215 245 335 396 429 464 497,23 54 116 147 181 214 243 334 394 428 462 495
2026-07-08T17:29:40,AIR175_S07_16,20,20,10 38 69 97 155 204 235 261 293 358 389 413 542 572,11 35 68 95 154 203 233 260 289 355 387 412 541 571
2026-07-08T17:30:40,AIR175_S07_17,19,19,5 37 65 94 124 155 185 218 250 285 319 350 412 475 502 537 571,33 66 93 122 152 182 217 247 284 316 349 409 474 501 533 567 599
2026-07-08T17:32:07,AIR175_S07_18,19,19,32 62 124 154 186 216 275 336 367 462 495,30 61 126 155 187 217 274 337 369 463 496
2026-07-08T17:33:09,AIR175_S07_19,19,19,21 79 141 181 212 245 271 299 325 356 416 447 480 514 544 574,22 81 142 178 210 243 272 297 324 354 414 448 479 512 541 571
2026-07-08T17:36:50,AIR175_S07_20,18,19,6 39 98 166 296 330 426 489,5 37 167 297 329 425 488
2026-07-08T17:37:56,AIR175_S07_21,20,20,10 42 166 228 258 381 502 535 562 591,9 44 164 227 257 380 501 531 559 589
2026-07-08T17:39:05,AIR175_S07_22,20,20,21 49 81 115 142 170 199 261 288 315 380 438 464 493,18 48 83 116 141 169 198 262 287 314 379 436 463 492
2026-07-08T17:40:36,AIR175_S07_23,19,19,13 73 100 132 161 186 246 344 375 409 446 481 511 542 574,11 71 99 129 159 182 244 342 372 407 443 478 510 541 571
2026-07-08T17:41:51,AIR175_S07_24,21,20,5 37 67 135 163 192 252 316 344 371 425 457 487 516 542,6 36 65 133 160 191 250 315 343 370 424 455 486 514 541 599
2026-07-08T17:43:00,AIR175_S07_25,19,20,0 53 266 357 453 480 512,54 267 356 452 481 511
2026-07-08T17:44:01,AIR175_S08_1,23,23,54 82 161 236 286 312 390 418 473 523 593,52 81 159 234 287 313 389 417 471 522 592
2026-07-08T17:47:05,AIR175_S08_10,23,24,14 40 138 163 188 216 268 321 343 369 394 420 447 472 499 525 546 573 601,12 41 137 162 189 217 269 320 344 368 395 421 446 473 498 521 545 572
2026-07-08T17:47:34,AIR175_S08_10,23,24,14 40 138 163 188 216 268 321 343 369 394 420 447 472 499 519 546 573 601,12 41 137 162 189 217 269 320 344 368 395 421 446 473 498 521 545 572
2026-07-08T17:51:10,AIR175_S08_10,23,24,14 40 138 163 188 216 268 321 343 369 394 420 447 472 499 519 547 573 600,12 41 137 162 189 217 269 320 344 368 395 421 446 473 498 521 545 572
2026-07-08T17:51:57,AIR175_S08_11,24,24,17 46 180 199 247 273 298 325 350 471 518 595,16 44 179 197 245 274 299 324 349 470 517 594
2026-07-08T17:52:53,AIR175_S08_12,23,24,55 80 103 129 156 183 240 266 292 317 340 369 396 422 449 499 527 552 578 603,54 79 102 128 154 182 239 264 290 316 339 366 394 424 445 497 525 550 577
2026-07-08T17:53:44,AIR175_S08_13,22,23,19 46 98 124 221 422 502 552 579 606,18 45 97 123 220 421 503 550 578
2026-07-08T17:54:32,AIR175_S08_13,22,23,19 46 98 124 200 221 422 502 552 579 606,18 45 97 123 202 220 421 503 550 578
2026-07-08T17:55:21,AIR175_S08_14,23,24,1 24 69 93 144 169 197 224 249 274 304 331 355 384 411 440 468 602,23 67 91 143 168 196 222 248 273 302 329 354 382 410 438 467 599
2026-07-08T17:56:17,AIR175_S08_15,23,24,21 43 68 142 171 220 247 272 324 374 398 428 477 503 528 555 580 605,20 44 67 140 170 219 246 271 323 373 396 425 475 502 527 554 579
2026-07-08T17:57:27,AIR175_S08_16,23,23,21 47 74 182 235 265 293 319 411 495 522 549 574,19 45 73 183 234 263 289 318 410 494 520 547 573
2026-07-08T17:58:17,AIR175_S08_17,23,23,13 40 64 89 118 169 269 296 321 346 449 503 556 581,12 39 63 88 116 168 268 295 320 345 450 502 554 579
2026-07-08T17:59:24,AIR175_S08_18,23,24,2 107 132 160 188 214 237 288 339 361 386 437 463 491 520 547 573,106 131 159 187 212 236 286 337 359 383 436 462 490 519 546 572
2026-07-08T18:00:09,AIR175_S08_19,24,24,18 69 99 124 145 168 194 275 302 352 555 578,17 67 97 123 144 167 191 273 300 351 554 577
2026-07-08T18:01:01,AIR175_S08_9,23,24,2 30 57 85 136 163 190 242 266 316 361 386 518 598,28 56 84 135 164 189 241 265 315 362 385 519 599
2026-07-08T18:02:37,AIR175_S08_2,23,23,159 190 216 242 266 293 343 393 441 466 492 593,160 189 214 241 265 292 342 392 442 465 491 592
2026-07-08T18:03:30,AIR175_S08_8,23,23,34 56 107 158 210 236 264 313 460 487 514 540 560 582,31 55 106 156 209 234 263 312 459 486 513 539 559 581
2026-07-08T18:04:04,AIR175_S08_8,23,23,34 56 107 158 210 236 264 290 313 423 460 487 514 540 560 582,31 55 106 156 209 234 263 289 312 424 459 486 513 539 559 581
2026-07-08T18:05:14,AIR175_S08_20,21,21,15 39 65 96 121 146 174 200 228 281 310 332 409 510 539 565,13 37 64 94 120 145 173 199 224 279 308 331 414 509 538 564
2026-07-08T18:06:17,AIR175_S08_3,25,25,30 54 78 106 180 222 277 302 328 372 491,28 53 77 105 179 221 275 301 327 373 490
2026-07-08T18:07:52,AIR175_S08_4,25,25,5 30 61 79 149 174 199 222 269 295 323 348 372 397 422 446 470 492 513 539 564 587,6 29 52 75 152 177 202 221 277 301 328 354 371 393 419 443 467 490 514 542 566 590
2026-07-08T18:08:57,AIR175_S08_5,24,25,29 54 77 130 177 229 280 304 383 409 434 482 506 531 583 606,27 51 76 128 176 228 279 303 384 408 433 481 505 532 581
2026-07-08T18:09:57,AIR175_S08_6,24,24,22 46 74 126 225 250 418 442 564 590,20 47 72 125 223 249 416 443 562 587
2026-07-08T18:10:44,AIR175_S08_7,24,24,8 35 112 210 238 287 339 415 469 495 591,7 34 111 209 236 286 336 414 468 494 590
2026-07-08T20:40:19,AIR175_S03_1,27,27,,
2026-07-08T20:55:28,AIR175_S03_1,27,23,24 135 163 186 211 230 255 282 301 332 356 384 411 438 466 495 574 601,36 96 119 133 149 165 185 206 240 254 270 283 304 327 354 380 404 416 434 465 496 575
2026-07-08T20:57:24,AIR175_S03_10,23,23,,
2026-07-08T20:59:18,AIR175_S03_10,23,23,2 185 214 241 269 296 325 377 404 432 458 484 511 532 558,14 183 213 239 262 291 320 376 401 429 456 482 515 536 556
2026-07-08T21:06:31,AIR175_S03_3,26,26,,
2026-07-08T21:28:14,AIR175_S03_4,22,22,,
2026-07-08T21:30:44,AIR175_S03_9,23,23,,
2026-07-08T21:32:58,AIR175_S03_9,23,23,22 46 75 128 235 313 368 395 446 502 530 606,0 26 43 74 131 233 311 366 391 448 501 528
2026-07-08T21:33:36,AIR175_S03_8,21,21,,
2026-07-08T21:36:05,AIR175_S03_8,21,22,192 214 245 267 306 335 438 493 519 545,194 213 244 279 322 445 487 511 543
2026-07-08T21:45:25,AIR175_S03_8,21,21,,
2026-07-08T21:51:47,AIR175_S03_7,23,23,,
2026-07-08T21:53:51,AIR175_S03_7,23,24,6 34 60 82 107 137 165 193 217 243 265 288 314 340 363 391 413 438 460 485 516 543 566 596,20 53 79 101 130 158 189 212 238 262 285 310 336 360 384 410 433 456 479 506 539 562 592
2026-07-08T21:54:00,AIR175_S03_6,24,24,,
2026-07-08T21:54:45,AIR175_S03_9,23,23,,
2026-07-08T21:55:32,AIR175_S03_9,23,23,22 46 235 313 368 395 606,0 26 43 233 311 366 391
2026-07-08T22:12:07,AIR175_S03_8,21,24,65 85 99 306 334 437 492 519 545,63 322 445 487 511 543
2026-07-08T22:13:33,AIR175_S03_7,23,24,6 34 54 76 102 134 193 214 282 314 457 483 514 594,20 53 79 101 130 189 212 285 310 456 479 506 592
2026-07-08T22:15:14,AIR175_S03_6,24,24,76 102 182 281 362 461 561,72 104 176 280 358 458 557
2026-07-08T22:45:44,AIR175_S03_4,22,23,600,
2026-07-08T23:07:08,AIR175_S01_12,19,20,608,
2026-07-08T23:08:05,AIR175_S01_13,18,19,226 262 606,224 258
2026-07-08T23:08:52,AIR175_S01_14,18,19,352 582 610,349 577
2026-07-08T23:09:39,AIR175_S01_17,18,19,603,
2026-07-08T23:10:30,AIR175_S01_18,17,17,55 88 277,52 87 278
2026-07-08T23:11:14,AIR175_S01_20,18,19,610,
2026-07-08T23:12:24,AIR175_S01_4,22,22,407 427 452 541 598,406 425 451 538 595
2026-07-08T23:13:46,AIR175_S01_5,27,27,8 59 84 136 160 182 242 299 320 532 551,12 54 80 133 155 178 240 294 318 531 549
2026-07-08T23:20:17,AIR175_S01_7,23,24,346,
2026-07-08T23:23:13,AIR175_S01_9,15,17,113 580,
2026-07-08T23:27:30,AIR175_S02_10,26,28,6 19,
2026-07-08T23:29:27,AIR175_S02_13,24,24,557,553
2026-07-08T23:34:07,AIR175_S02_2,24,25,599,
2026-07-08T23:35:00,AIR175_S02_21,24,25,601,
2026-07-08T23:39:33,AIR175_S02_29,25,26,594,
2026-07-08T23:40:14,AIR175_S02_30,26,27,602,
2026-07-08T23:48:52,AIR175_S02_33,23,26,4 24 597,
2026-07-08T23:50:10,AIR175_S02_32,29,30,575,
2026-07-08T23:54:38,AIR175_S02_7,24,25,601,
2026-07-08T23:55:28,AIR175_S02_8,24,25,97,
2026-07-08T23:57:31,AIR175_S02_9,25,26,72 95 116,65 97
2026-07-09T00:02:21,AIR175_S03_1,27,24,24 135 161 210 228 262 331 356 382 413 439 600,36 96 119 133 149 165 206 240 270 327 354 380 404 416 434
2026-07-09T00:04:16,AIR175_S03_6,24,23,49 77 103 183 282 362 563,2 46 72 104 176 280 358 557
2026-07-09T00:05:01,AIR175_S03_6,24,24,3 49 77 103 183 282 362 563,2 46 72 104 176 280 358 557
2026-07-09T00:06:04,AIR175_S03_7,23,24,6 34 134 193 215 283 314 483 515 595,20 130 189 212 285 310 479 506 592
2026-07-09T00:09:50,AIR175_S03_8,21,24,12 65 86 100 126 147 193 214 245 266 306 335 438 492 519 544,10 63 121 146 194 213 244 279 322 445 487 511 543
2026-07-09T00:13:33,AIR175_S06_11,21,22,158,
2026-07-09T00:15:47,AIR175_S06_14,20,22,232 246,
2026-07-09T00:16:21,AIR175_S06_15,22,23,216,
2026-07-09T00:16:40,AIR175_S06_16,21,22,2,
2026-07-09T00:18:36,AIR175_S06_17,23,24,70,
2026-07-09T00:19:06,AIR175_S06_18,20,21,160,
2026-07-09T00:21:30,AIR175_S06_19,22,24,575 586 600,577
2026-07-09T00:22:54,AIR175_S06_22,11,12,603,
2026-07-09T00:25:09,AIR175_S06_30,17,18,4,
2026-07-09T00:26:43,AIR175_S06_31,17,18,33,
2026-07-09T00:27:16,AIR175_S06_32,19,20,604,
2026-07-09T00:29:04,AIR175_S06_38,19,20,607,
2026-07-09T00:29:09,AIR175_S06_37,18,19,607,
2026-07-09T00:30:32,AIR175_S06_4,16,17,213 240,218
2026-07-09T00:31:24,AIR175_S06_40,11,12,4,
2026-07-09T00:32:23,AIR175_S06_45,19,20,602,
2026-07-09T00:32:54,AIR175_S06_47,18,19,9,
2026-07-09T00:34:02,AIR175_S06_50,14,15,602,
2026-07-09T00:34:40,AIR175_S06_6,17,18,504,
2026-07-09T00:34:56,AIR175_S06_7,20,21,183,
2026-07-09T00:36:17,AIR175_S06_8,22,24,194 208,
2026-07-09T00:44:21,AIR175_S09_17,19,20,7,
2026-07-09T00:45:05,AIR175_S09_2,21,23,31 601,
2026-07-09T00:46:37,AIR175_S09_5,18,20,332 391,
2026-07-09T00:47:15,AIR175_S09_7,21,22,602,
2026-07-09T00:48:06,AIR175_S10_1,22,23,603,
2026-07-09T00:48:34,AIR175_S10_11,22,23,3,
2026-07-09T00:49:08,AIR175_S10_16,20,21,601,
2026-07-09T00:49:44,AIR175_S10_19,21,22,1,
2026-07-09T00:50:02,AIR175_S10_3,23,24,603,
2026-07-09T00:52:25,AIR175_S10_9,23,24,606,
2026-07-09T00:55:45,AIR125_S02_010,21,22,168,
2026-07-09T00:56:45,AIR125_S02_011,24,24,16,12
2026-07-09T00:57:37,AIR125_S02_012,24,24,334 511,84 512
2026-07-09T01:02:18,AIR125_S02_013,23,23,251,242
2026-07-09T01:17:56,AIR125_S03_001,23,24,24,
2026-07-09T01:21:40,AIR125_S03_001,23,21,24 55 84 157 178 226,9 39 63 88 152 173 194 219
2026-07-09T01:28:20,AIR125_S03_001,23,20,21 52 83 109 197 227 251 282 308 334 360 438 463 490 515,9 39 63 88 112 194 219 243 268 291 315 339 364 431 455 476 499 521
2026-07-09T01:30:55,AIR125_S03_002,23,20,23 51 75 125 154 182 208 231 257 284 308 359 391 416 439 465 491 517,7 28 50 70 123 150 172 192 214 240 261 287 312 354 378 401 425 450 473 493 518
2026-07-09T01:31:47,AIR125_S03_002,23,21,1 23 51 75 125 154 182 208 231 257 284 308 359 391 416 439 465 491 517,7 28 50 70 123 150 172 192 214 240 261 287 312 354 378 401 425 450 473 493 518
2026-07-09T01:33:02,AIR125_S03_003,23,21,52 79 103 135 159 184 210 234 257 282 305 329 357 383 410 435 462 490 518,49 72 94 115 137 161 182 204 227 252 275 300 327 347 372 398 423 449 475 495 522
2026-07-09T01:38:25,AIR125_S03_004,23,20,33 58 88 145 168 191 218 270 295 318 341 374 398 434 461 487 512,27 51 74 98 141 166 189 220 265 290 316 340 364 382 405 427 452 474 498 522
2026-07-09T01:41:22,AIR125_S03_005,24,22,96 126 149 176 230 251 278 304 326 348 376 399 427 453 477 497 521,93 113 137 162 183 224 247 270 294 319 344 366 388 413 438 460 484 506 529
2026-07-09T01:42:24,AIR125_S04_002,23,24,514,
2026-07-09T01:43:14,AIR125_S04_003,22,23,2,
2026-07-09T01:44:44,AIR125_S04_004,24,24,120,127
2026-07-09T01:46:01,AIR125_S04_004,24,24,120,127
2026-07-09T01:48:34,AIR125_S04_009,25,27,31 559,
2026-07-09T01:50:26,AIR125_S04_010,24,25,76,
2026-07-09T01:51:06,AIR125_S04_012,38,39,393,
2026-07-09T01:51:46,AIR125_S04_016,29,28,,249
2026-07-09T01:53:24,AIR125_S05_002,26,27,326 347,336
2026-07-09T01:53:38,AIR125_S05_003,26,27,141,
2026-07-09T01:54:44,AIR125_S05_005,26,27,419 437,428
2026-07-09T01:55:23,AIR125_S05_013,30,30,590,595
2026-07-09T02:02:23,AIR125_S06_004,37,45,13 32 48 60 74 92 106 118 134 150 187 206 221 233 248 260 270 282 291 299 308 317 329 339 351 359 368 375 385 395 406 421 433 449 464 479 490 501 514 542 560 576 588,5 16 30 50 68 84 102 121 142 152 183 200 219 236 253 268 281 294 310 328 347 367 381 398 413 431 451 468 482 495 517 540 558 578 597
2026-07-09T02:06:06,AIR125_S06_005,37,41,4 18 32 49 64 80 97 112 127 201 217 231 262 281 296 312 321 337 350 362 376 392 408 424 437 453 468 480 498 511 535 549 559 567 583 598,16 29 45 62 81 100 115 129 202 215 228 264 279 297 315 332 346 359 373 390 406 425 441 454 471 489 509 528 543 558 574 589
2026-07-09T02:07:15,AIR125_S06_005,37,41,4 18 32 49 64 80 97 112 127 201 217 231 262 281 296 312 321 337 350 362 376 392 408 424 437 453 468 480 498 513 535 549 559 567 583 598,16 29 45 62 81 100 115 129 202 215 228 264 279 297 315 332 346 359 373 390 406 425 441 454 471 489 509 528 543 558 574 589
2026-07-09T02:09:11,AIR125_S06_006,40,38,15 28 44 63 109 129 145 163 178 194 222 235 253 290 321 334 352 367 387 402 416 436 454 485 498 510 521 535 549 563 577 592,3 22 36 52 66 105 119 132 147 160 174 191 227 243 258 285 322 336 350 366 377 391 406 424 439 455 484 500 517 536 550 568 582 598
2026-07-09T02:09:59,AIR125_S06_006,40,39,0 15 28 44 63 109 129 145 163 178 194 222 235 253 290 321 334 352 367 387 402 416 436 454 485 498 510 521 535 549 563 577 592,3 22 36 52 66 105 119 132 147 160 174 191 227 243 258 285 322 336 350 366 377 391 406 424 439 455 484 500 517 536 550 568 582 598
2026-07-09T02:22:22,AIR125_S06_007,38,38,8 23 37 51 68 92 132 150 197 215 230 246 260 274 290 320 335 350 368 383 398 415 431 444 458 476 491 507 521 536 550 594,14 29 48 66 83 98 126 140 153 195 211 228 242 258 273 286 322 340 357 372 387 402 419 435 453 468 482 495 511 529 549 595
2026-07-09T02:25:28,AIR125_S06_008,38,40,8 24 38 52 68 85 118 133 147 160 176 188 202 217 233 246 260 288 308 325 338 354 371 386 402 413 428 460 474 490 505 520 534 548 561 577 595,11 29 45 60 73 87 115 129 146 162 179 196 212 226 240 257 290 304 318 333 346 360 378 397 414 429 461 479 493 509 527 542 558 570 584
2026-07-09T02:27:21,AIR125_S06_009,37,41,10 24 38 53 69 85 101 117 132 163 209 237 252 264 277 291 323 339 354 368 383 398 412 426 440 457 476 492 505 520 546 560 572 586 599,0 20 36 54 68 82 96 111 129 162 207 240 258 274 289 319 332 347 367 387 406 424 439 454 470 485 501 518 554 571 587
2026-07-09T02:28:34,AIR125_S06_010,38,38,3 20 34 46 58 70,2 15 29 44 60 77
2026-07-09T02:30:14,AIR125_S06_010,38,40,13 41 53 65 78 92 105 118 132 150 165 181 199 215 230 244 258 271 286 303 322 338 353 368 383 411 425 443 458 473 488 505 519 534 548 573 590,2 15 44 60 77 97 114 129 144 157 171 184 198 214 231 247 265 281 297 314 333 350 365 382 410 424 440 460 481 497 512 526 541 580 597
2026-07-09T11:03:26,AIR175_S05_2,15,16,15 47 136 158 177 223 244 272,12 132 152 179 221 242 270
